date,usage_value,maxtempC,mintempC,avgtempC,humidity,sunHour,uvIndex,windspeedKmph,pressure,winddirDegree,visibility,cloudcover,HeatIndexC,WindChillC,WindGustKmph,FeelsLikeC,month,month_day,week_day,season,is_weekend,is_holiday
2016-01-01,11179.46,17.0,1.0,9.0,40.0,10.0,3.0,7.0,1020.0,115.0,10.0,7.0,9.0,8.0,14.0,8.0,1,1,4,1,0,0
2016-01-02,11264.829999999998,19.0,5.0,12.0,46.0,10.0,3.0,11.0,1020.0,82.0,10.0,18.0,12.0,11.0,19.0,11.0,1,2,5,1,1,0
2016-01-03,11292.21,21.0,6.0,13.0,34.0,10.0,4.0,13.0,1017.0,88.0,10.0,22.0,13.0,12.0,23.0,12.0,1,3,6,1,1,0
2016-01-04,12204.329999999998,16.0,10.0,13.0,46.0,6.0,3.0,9.0,1013.0,126.0,10.0,65.0,13.0,12.0,21.0,12.0,1,4,0,1,0,0
2016-01-05,11767.95,13.0,11.0,11.0,74.0,1.0,3.0,9.0,1014.0,91.0,5.0,100.0,11.0,11.0,15.0,11.0,1,5,1,1,0,0
2016-01-06,11784.98,14.0,9.0,12.0,75.0,8.0,3.0,11.0,1014.0,186.0,9.0,50.0,12.0,11.0,21.0,11.0,1,6,2,1,0,0
2016-01-07,11841.15,12.0,7.0,9.0,81.0,6.0,2.0,10.0,1012.0,165.0,8.0,74.0,9.0,8.0,22.0,8.0,1,7,3,1,0,0
2016-01-08,11786.789999999999,12.0,4.0,8.0,74.0,10.0,3.0,5.0,1014.0,204.0,10.0,37.0,8.0,8.0,11.0,8.0,1,8,4,1,0,0
2016-01-09,10835.65,14.0,6.0,9.0,70.0,10.0,3.0,4.0,1022.0,110.0,10.0,13.0,9.0,9.0,8.0,9.0,1,9,5,1,1,0
2016-01-10,10880.9,13.0,5.0,9.0,65.0,7.0,2.0,5.0,1022.0,177.0,10.0,48.0,9.0,9.0,9.0,9.0,1,10,6,1,1,0
2016-01-11,12056.149999999998,12.0,3.0,8.0,48.0,10.0,3.0,6.0,1025.0,171.0,10.0,2.0,8.0,7.0,11.0,7.0,1,11,0,1,0,0
2016-01-12,12216.670000000002,18.0,1.0,9.0,39.0,10.0,3.0,8.0,1023.0,136.0,10.0,0.0,9.0,7.0,15.0,7.0,1,12,1,1,0,0
2016-01-13,12232.319999999998,18.0,2.0,9.0,37.0,10.0,3.0,7.0,1019.0,162.0,10.0,1.0,9.0,8.0,13.0,8.0,1,13,2,1,0,0
2016-01-14,12073.079999999996,16.0,3.0,10.0,36.0,10.0,3.0,4.0,1017.0,190.0,10.0,13.0,10.0,10.0,8.0,10.0,1,14,3,1,0,0
2016-01-15,11958.88,15.0,4.0,9.0,41.0,9.0,2.0,7.0,1016.0,163.0,10.0,24.0,9.0,8.0,13.0,8.0,1,15,4,1,0,0
2016-01-16,11148.570000000002,15.0,2.0,9.0,53.0,10.0,3.0,5.0,1020.0,149.0,10.0,22.0,9.0,8.0,9.0,8.0,1,16,5,1,1,0
2016-01-17,11129.07,18.0,4.0,11.0,44.0,10.0,4.0,3.0,1021.0,113.0,10.0,18.0,11.0,11.0,6.0,11.0,1,17,6,1,1,0
2016-01-18,11547.079999999998,20.0,5.0,12.0,40.0,10.0,4.0,6.0,1020.0,163.0,10.0,18.0,12.0,11.0,10.0,11.0,1,18,0,1,0,0
2016-01-19,12296.230000000003,20.0,4.0,12.0,43.0,10.0,4.0,4.0,1020.0,223.0,10.0,15.0,12.0,12.0,8.0,12.0,1,19,1,1,0,0
2016-01-20,12560.26,20.0,6.0,13.0,47.0,10.0,4.0,5.0,1021.0,221.0,10.0,5.0,13.0,13.0,8.0,13.0,1,20,2,1,0,0
2016-01-21,12258.850000000002,20.0,5.0,12.0,36.0,10.0,3.0,8.0,1024.0,127.0,10.0,30.0,12.0,11.0,15.0,11.0,1,21,3,1,0,0
2016-01-22,12233.14,22.0,5.0,13.0,26.0,10.0,3.0,9.0,1021.0,127.0,10.0,57.0,13.0,12.0,16.0,12.0,1,22,4,1,0,0
2016-01-23,11484.399999999998,22.0,6.0,13.0,23.0,1.0,3.0,6.0,1015.0,143.0,10.0,81.0,13.0,13.0,12.0,13.0,1,23,5,1,1,0
2016-01-24,11152.449999999999,18.0,8.0,13.0,35.0,10.0,4.0,7.0,1014.0,236.0,10.0,7.0,13.0,13.0,12.0,13.0,1,24,6,1,1,0
2016-01-25,12274.12,19.0,5.0,12.0,42.0,10.0,4.0,5.0,1017.0,161.0,10.0,7.0,12.0,11.0,9.0,11.0,1,25,0,1,0,0
2016-01-26,12517.349999999997,20.0,4.0,11.0,29.0,10.0,4.0,10.0,1023.0,147.0,10.0,9.0,11.0,10.0,23.0,10.0,1,26,1,1,0,0
2016-01-27,12587.66,20.0,3.0,12.0,28.0,10.0,4.0,9.0,1025.0,141.0,10.0,1.0,12.0,11.0,16.0,11.0,1,27,2,1,0,0
2016-01-28,12386.199999999999,20.0,5.0,12.0,26.0,10.0,3.0,5.0,1021.0,147.0,10.0,26.0,12.0,12.0,11.0,12.0,1,28,3,1,0,0
2016-01-29,12489.789999999999,20.0,3.0,12.0,28.0,10.0,3.0,4.0,1017.0,209.0,10.0,22.0,12.0,12.0,9.0,12.0,1,29,4,1,0,0
2016-01-30,11473.550000000003,23.0,6.0,14.0,24.0,10.0,4.0,6.0,1014.0,141.0,10.0,7.0,14.0,14.0,11.0,14.0,1,30,5,1,1,0
2016-01-31,11459.900000000001,23.0,9.0,15.0,41.0,10.0,4.0,11.0,1009.0,172.0,10.0,16.0,16.0,15.0,26.0,15.0,1,31,6,1,1,0
2016-02-01,12255.820000000002,13.0,6.0,9.0,50.0,9.0,2.0,22.0,1010.0,251.0,9.0,34.0,9.0,6.0,36.0,6.0,2,1,0,1,0,0
2016-02-02,12432.200000000003,10.0,1.0,6.0,38.0,10.0,3.0,11.0,1020.0,286.0,10.0,3.0,6.0,4.0,18.0,4.0,2,2,1,1,0,0
2016-02-03,12461.449999999999,13.0,-0.0,7.0,27.0,11.0,3.0,5.0,1026.0,119.0,10.0,0.0,7.0,6.0,10.0,6.0,2,3,2,1,0,0
2016-02-04,12197.609999999999,17.0,-0.0,8.0,25.0,11.0,3.0,8.0,1027.0,105.0,10.0,9.0,8.0,6.0,17.0,6.0,2,4,3,1,0,0
2016-02-05,12419.279999999999,18.0,2.0,10.0,29.0,11.0,3.0,10.0,1027.0,44.0,10.0,0.0,10.0,9.0,21.0,9.0,2,5,4,1,0,0
2016-02-06,11528.77,24.0,3.0,12.0,29.0,11.0,4.0,10.0,1026.0,120.0,10.0,0.0,12.0,11.0,18.0,11.0,2,6,5,1,1,0
2016-02-07,11322.629999999997,26.0,4.0,15.0,27.0,11.0,4.0,10.0,1022.0,63.0,10.0,0.0,14.0,14.0,21.0,14.0,2,7,6,1,1,0
2016-02-08,12520.599999999999,28.0,7.0,17.0,26.0,11.0,5.0,12.0,1022.0,78.0,10.0,0.0,16.0,16.0,23.0,16.0,2,8,0,1,0,0
2016-02-09,12963.810000000001,29.0,8.0,18.0,28.0,11.0,5.0,11.0,1021.0,45.0,10.0,0.0,17.0,17.0,22.0,17.0,2,9,1,1,0,0
2016-02-10,12976.470000000001,29.0,8.0,18.0,24.0,11.0,5.0,9.0,1021.0,120.0,10.0,8.0,18.0,17.0,17.0,17.0,2,10,2,1,0,0
2016-02-11,12773.870000000003,29.0,9.0,19.0,23.0,11.0,5.0,6.0,1020.0,136.0,10.0,3.0,18.0,19.0,12.0,19.0,2,11,3,1,0,0
2016-02-12,12764.290000000003,31.0,9.0,19.0,20.0,11.0,5.0,7.0,1019.0,127.0,10.0,0.0,18.0,19.0,12.0,19.0,2,12,4,1,0,0
2016-02-13,11473.449999999999,29.0,9.0,19.0,18.0,11.0,5.0,5.0,1017.0,162.0,10.0,1.0,19.0,19.0,10.0,19.0,2,13,5,1,1,0
2016-02-14,11505.210000000001,27.0,9.0,18.0,21.0,11.0,5.0,5.0,1015.0,171.0,10.0,2.0,18.0,18.0,10.0,18.0,2,14,6,1,1,0
2016-02-15,12318.429999999998,28.0,10.0,19.0,26.0,11.0,5.0,6.0,1015.0,195.0,10.0,1.0,18.0,19.0,13.0,19.0,2,15,0,1,0,0
2016-02-16,12355.85,31.0,10.0,20.0,30.0,11.0,6.0,6.0,1014.0,162.0,10.0,1.0,20.0,20.0,13.0,20.0,2,16,1,1,0,0
2016-02-17,12536.249999999996,31.0,11.0,21.0,23.0,11.0,6.0,7.0,1012.0,150.0,10.0,0.0,20.0,21.0,13.0,21.0,2,17,2,1,0,0
2016-02-18,12436.0,27.0,12.0,20.0,23.0,9.0,4.0,8.0,1013.0,193.0,10.0,28.0,19.0,20.0,16.0,20.0,2,18,3,1,0,0
2016-02-19,12311.92,27.0,13.0,20.0,24.0,11.0,6.0,5.0,1016.0,174.0,10.0,24.0,20.0,20.0,11.0,20.0,2,19,4,1,0,0
2016-02-20,11072.689999999999,29.0,10.0,20.0,27.0,11.0,6.0,5.0,1016.0,166.0,10.0,1.0,20.0,20.0,10.0,20.0,2,20,5,1,1,0
2016-02-21,9823.57,29.0,11.0,20.0,27.0,11.0,6.0,6.0,1015.0,205.0,10.0,1.0,20.0,20.0,12.0,20.0,2,21,6,1,1,0
2016-02-22,10894.870000000003,26.0,10.0,18.0,23.0,11.0,5.0,13.0,1011.0,225.0,10.0,5.0,18.0,18.0,24.0,18.0,2,22,0,1,0,0
2016-02-23,10949.42,22.0,11.0,16.0,22.0,11.0,5.0,10.0,1016.0,240.0,10.0,16.0,17.0,16.0,22.0,16.0,2,23,1,1,0,0
2016-02-24,10769.35,26.0,9.0,17.0,24.0,11.0,5.0,11.0,1020.0,108.0,10.0,4.0,17.0,16.0,22.0,16.0,2,24,2,1,0,0
2016-02-25,10733.65,28.0,8.0,18.0,18.0,11.0,5.0,7.0,1018.0,139.0,10.0,0.0,18.0,18.0,13.0,18.0,2,25,3,1,0,0
2016-02-26,10874.340000000002,31.0,10.0,21.0,17.0,11.0,6.0,6.0,1018.0,167.0,10.0,0.0,20.0,20.0,13.0,20.0,2,26,4,1,0,0
2016-02-27,10275.15,30.0,11.0,21.0,18.0,12.0,5.0,5.0,1015.0,227.0,10.0,14.0,20.0,21.0,11.0,21.0,2,27,5,1,1,0
2016-02-28,9693.149999999998,28.0,11.0,21.0,19.0,12.0,6.0,4.0,1015.0,192.0,10.0,21.0,20.0,21.0,9.0,21.0,2,28,6,1,1,0
2016-02-29,10823.430000000002,31.0,12.0,21.0,20.0,9.0,5.0,6.0,1016.0,175.0,10.0,48.0,20.0,21.0,12.0,21.0,2,29,0,1,0,0
2016-03-01,10792.370000000003,29.0,12.0,21.0,22.0,8.0,5.0,5.0,1017.0,202.0,10.0,38.0,21.0,21.0,10.0,21.0,3,1,1,2,0,0
2016-03-02,10850.449999999999,32.0,12.0,22.0,22.0,12.0,6.0,5.0,1016.0,212.0,10.0,2.0,21.0,22.0,11.0,21.0,3,2,2,2,0,0
2016-03-03,10853.97,30.0,12.0,21.0,20.0,12.0,6.0,5.0,1016.0,126.0,10.0,35.0,20.0,21.0,10.0,21.0,3,3,3,2,0,0
2016-03-04,10639.809999999998,33.0,12.0,22.0,14.0,12.0,6.0,6.0,1014.0,147.0,10.0,31.0,21.0,22.0,13.0,22.0,3,4,4,2,0,0
2016-03-05,9781.29,28.0,13.0,21.0,15.0,12.0,5.0,5.0,1014.0,141.0,10.0,39.0,20.0,21.0,13.0,21.0,3,5,5,2,1,0
2016-03-06,9696.100000000002,27.0,16.0,21.0,23.0,12.0,6.0,11.0,1012.0,185.0,10.0,31.0,20.0,21.0,20.0,21.0,3,6,6,2,1,0
2016-03-07,10470.99,20.0,12.0,16.0,31.0,8.0,4.0,10.0,1008.0,254.0,10.0,28.0,16.0,16.0,19.0,16.0,3,7,0,2,0,0
2016-03-08,10561.77,21.0,9.0,15.0,35.0,12.0,4.0,10.0,1008.0,249.0,10.0,19.0,15.0,14.0,18.0,14.0,3,8,1,2,0,0
2016-03-09,10651.699999999999,26.0,8.0,17.0,22.0,12.0,5.0,5.0,1013.0,149.0,10.0,22.0,17.0,17.0,11.0,17.0,3,9,2,2,0,0
2016-03-10,10725.660000000002,31.0,11.0,21.0,18.0,12.0,6.0,5.0,1015.0,142.0,10.0,18.0,20.0,21.0,11.0,21.0,3,10,3,2,0,0
2016-03-11,10602.960000000001,30.0,11.0,21.0,17.0,2.0,5.0,10.0,1013.0,148.0,10.0,50.0,20.0,21.0,18.0,21.0,3,11,4,2,0,0
2016-03-12,9841.04,20.0,12.0,17.0,34.0,12.0,5.0,14.0,1016.0,247.0,10.0,2.0,17.0,17.0,25.0,17.0,3,12,5,2,1,0
2016-03-13,9643.0,24.0,9.0,17.0,29.0,12.0,5.0,6.0,1017.0,190.0,10.0,6.0,17.0,17.0,14.0,17.0,3,13,6,2,1,0
2016-03-14,10451.23,25.0,12.0,19.0,33.0,12.0,5.0,6.0,1015.0,201.0,10.0,4.0,19.0,19.0,13.0,19.0,3,14,0,2,0,0
2016-03-15,10463.78,29.0,11.0,21.0,30.0,12.0,6.0,6.0,1015.0,203.0,10.0,10.0,20.0,21.0,12.0,21.0,3,15,1,2,0,0
2016-03-16,10787.38,32.0,11.0,22.0,14.0,12.0,6.0,7.0,1013.0,203.0,10.0,0.0,21.0,22.0,13.0,22.0,3,16,2,2,0,0
2016-03-17,10916.480000000003,31.0,12.0,22.0,13.0,12.0,6.0,9.0,1011.0,168.0,10.0,0.0,21.0,22.0,16.0,22.0,3,17,3,2,0,0
2016-03-18,10863.939999999999,31.0,13.0,23.0,13.0,12.0,6.0,8.0,1011.0,208.0,10.0,0.0,22.0,23.0,13.0,22.0,3,18,4,2,0,0
2016-03-19,9997.579999999996,32.0,14.0,24.0,19.0,12.0,6.0,6.0,1013.0,215.0,10.0,8.0,23.0,24.0,14.0,23.0,3,19,5,2,1,0
2016-03-20,10072.92,33.0,14.0,24.0,16.0,12.0,6.0,6.0,1015.0,106.0,10.0,10.0,23.0,24.0,12.0,23.0,3,20,6,2,1,0
2016-03-21,11009.480000000003,32.0,14.0,24.0,15.0,12.0,5.0,8.0,1014.0,160.0,10.0,28.0,23.0,24.0,16.0,23.0,3,21,0,2,0,0
2016-03-22,10699.170000000002,26.0,16.0,21.0,19.0,12.0,6.0,16.0,1011.0,234.0,10.0,25.0,21.0,21.0,28.0,21.0,3,22,1,2,0,0
2016-03-23,10203.260000000002,25.0,12.0,18.0,15.0,12.0,5.0,14.0,1016.0,314.0,10.0,0.0,18.0,18.0,24.0,18.0,3,23,2,2,0,0
2016-03-24,10904.99,27.0,9.0,19.0,13.0,12.0,5.0,6.0,1016.0,166.0,10.0,0.0,18.0,18.0,14.0,18.0,3,24,3,2,0,0
2016-03-25,10773.609999999999,28.0,11.0,21.0,14.0,12.0,6.0,8.0,1009.0,191.0,10.0,1.0,20.0,21.0,16.0,21.0,3,25,4,2,0,0
2016-03-26,9864.16,28.0,13.0,22.0,15.0,12.0,6.0,11.0,1009.0,228.0,10.0,1.0,21.0,22.0,18.0,22.0,3,26,5,2,1,0
2016-03-27,9941.339999999998,30.0,11.0,21.0,14.0,12.0,6.0,10.0,1015.0,177.0,10.0,2.0,21.0,21.0,18.0,21.0,3,27,6,2,1,0
2016-03-28,10688.209999999997,28.0,15.0,21.0,26.0,12.0,6.0,16.0,1009.0,192.0,10.0,18.0,21.0,21.0,28.0,21.0,3,28,0,2,0,0
2016-03-29,10874.079999999998,19.0,13.0,16.0,32.0,12.0,5.0,17.0,1008.0,238.0,10.0,16.0,16.0,16.0,28.0,16.0,3,29,1,2,0,0
2016-03-30,10746.870000000003,20.0,9.0,14.0,28.0,12.0,4.0,6.0,1012.0,222.0,10.0,9.0,14.0,14.0,14.0,14.0,3,30,2,2,0,0
2016-03-31,10986.949999999999,21.0,9.0,15.0,24.0,12.0,5.0,8.0,1012.0,208.0,10.0,7.0,15.0,15.0,15.0,15.0,3,31,3,2,0,0
2016-04-01,10639.620000000003,26.0,10.0,18.0,23.0,12.0,5.0,4.0,1016.0,211.0,10.0,8.0,18.0,18.0,11.0,18.0,4,1,4,2,0,0
2016-04-02,10076.600000000002,29.0,11.0,21.0,19.0,12.0,6.0,6.0,1020.0,109.0,10.0,0.0,20.0,21.0,14.0,21.0,4,2,5,2,1,0
2016-04-03,9923.77,32.0,13.0,23.0,16.0,12.0,6.0,6.0,1017.0,156.0,10.0,0.0,22.0,23.0,12.0,22.0,4,3,6,2,1,0
2016-04-04,10856.05,34.0,14.0,24.0,13.0,12.0,6.0,6.0,1016.0,192.0,10.0,8.0,23.0,24.0,13.0,23.0,4,4,0,2,0,0
2016-04-05,10742.420000000002,32.0,15.0,25.0,13.0,12.0,6.0,6.0,1016.0,210.0,10.0,14.0,24.0,25.0,13.0,24.0,4,5,1,2,0,0
2016-04-06,10784.78,37.0,16.0,27.0,11.0,12.0,7.0,8.0,1016.0,126.0,10.0,18.0,26.0,27.0,16.0,26.0,4,6,2,2,0,0
2016-04-07,10889.18,32.0,21.0,26.0,14.0,12.0,6.0,10.0,1011.0,183.0,10.0,59.0,25.0,26.0,20.0,25.0,4,7,3,2,0,0
2016-04-08,10797.5,26.0,16.0,21.0,51.0,12.0,5.0,11.0,1012.0,162.0,10.0,44.0,22.0,21.0,20.0,21.0,4,8,4,2,0,0
2016-04-09,10090.58,27.0,16.0,21.0,39.0,12.0,6.0,7.0,1012.0,210.0,10.0,15.0,21.0,21.0,12.0,21.0,4,9,5,2,1,0
2016-04-10,10135.769999999999,20.0,15.0,17.0,48.0,7.0,4.0,10.0,1011.0,235.0,9.0,45.0,17.0,17.0,21.0,17.0,4,10,6,2,1,0
2016-04-11,10770.23,24.0,12.0,18.0,54.0,12.0,5.0,6.0,1016.0,166.0,10.0,16.0,18.0,18.0,10.0,18.0,4,11,0,2,0,0
2016-04-12,10638.97,27.0,15.0,21.0,34.0,12.0,6.0,6.0,1016.0,255.0,10.0,5.0,21.0,21.0,11.0,21.0,4,12,1,2,0,0
2016-04-13,10603.130000000003,27.0,14.0,21.0,21.0,13.0,6.0,9.0,1014.0,203.0,10.0,8.0,20.0,21.0,13.0,21.0,4,13,2,2,0,0
2016-04-14,10673.320000000002,28.0,14.0,22.0,21.0,13.0,5.0,12.0,1009.0,202.0,10.0,23.0,21.0,22.0,16.0,22.0,4,14,3,2,0,0
2016-04-15,10781.08,27.0,14.0,20.0,20.0,12.0,5.0,16.0,1005.0,194.0,10.0,17.0,20.0,20.0,29.0,20.0,4,15,4,2,0,0
2016-04-16,9859.710000000003,27.0,13.0,20.0,17.0,13.0,5.0,10.0,1011.0,197.0,10.0,11.0,19.0,20.0,17.0,20.0,4,16,5,2,1,0
2016-04-17,9778.330000000002,27.0,14.0,21.0,19.0,13.0,6.0,11.0,1014.0,205.0,10.0,5.0,20.0,21.0,23.0,21.0,4,17,6,2,1,0
2016-04-18,10667.51,29.0,14.0,22.0,19.0,14.0,5.0,9.0,1014.0,174.0,10.0,24.0,21.0,22.0,19.0,22.0,4,18,0,2,0,0
2016-04-19,10694.47,31.0,14.0,23.0,20.0,13.0,5.0,10.0,1013.0,195.0,10.0,37.0,22.0,23.0,17.0,22.0,4,19,1,2,0,0
2016-04-20,10651.74,33.0,16.0,25.0,20.0,14.0,7.0,8.0,1012.0,201.0,10.0,3.0,24.0,25.0,15.0,24.0,4,20,2,2,0,0
2016-04-21,10683.97,36.0,16.0,28.0,11.0,14.0,7.0,6.0,1010.0,143.0,10.0,2.0,26.0,28.0,12.0,26.0,4,21,3,2,0,0
2016-04-22,10639.710000000001,34.0,18.0,28.0,13.0,14.0,7.0,10.0,1010.0,217.0,10.0,0.0,26.0,28.0,21.0,26.0,4,22,4,2,0,0
2016-04-23,9986.46,30.0,19.0,25.0,23.0,14.0,6.0,14.0,1011.0,236.0,10.0,0.0,24.0,25.0,24.0,24.0,4,23,5,2,1,0
2016-04-24,9959.239999999998,30.0,17.0,24.0,14.0,14.0,6.0,8.0,1009.0,201.0,10.0,1.0,23.0,24.0,16.0,23.0,4,24,6,2,1,0
2016-04-25,10337.380000000001,26.0,17.0,21.0,21.0,13.0,5.0,23.0,1007.0,230.0,10.0,13.0,21.0,21.0,37.0,21.0,4,25,0,2,0,0
2016-04-26,10407.39,24.0,12.0,19.0,25.0,14.0,5.0,12.0,1010.0,244.0,10.0,6.0,18.0,18.0,22.0,18.0,4,26,1,2,0,0
2016-04-27,10489.390000000001,27.0,13.0,21.0,23.0,14.0,6.0,8.0,1008.0,189.0,10.0,10.0,20.0,21.0,17.0,21.0,4,27,2,2,0,0
2016-04-28,10615.35,23.0,15.0,19.0,26.0,14.0,5.0,16.0,1005.0,234.0,10.0,4.0,19.0,19.0,26.0,19.0,4,28,3,2,0,0
2016-04-29,10423.110000000002,26.0,13.0,20.0,28.0,14.0,5.0,10.0,1010.0,235.0,10.0,13.0,20.0,20.0,18.0,20.0,4,29,4,2,0,0
2016-04-30,9637.630000000001,27.0,16.0,21.0,31.0,12.0,5.0,14.0,1005.0,177.0,10.0,31.0,21.0,21.0,23.0,21.0,4,30,5,2,1,0
2016-05-01,9431.470000000001,26.0,13.0,20.0,42.0,14.0,5.0,5.0,1010.0,111.0,10.0,14.0,20.0,20.0,12.0,20.0,5,1,6,2,1,0
2016-05-02,10030.11,31.0,14.0,23.0,27.0,14.0,6.0,7.0,1014.0,132.0,10.0,3.0,23.0,23.0,16.0,23.0,5,2,0,2,0,0
2016-05-03,10259.839999999998,35.0,17.0,27.0,22.0,14.0,7.0,7.0,1012.0,144.0,10.0,0.0,26.0,27.0,17.0,26.0,5,3,1,2,0,0
2016-05-04,10418.15,37.0,18.0,29.0,15.0,14.0,7.0,15.0,1010.0,130.0,10.0,0.0,28.0,29.0,28.0,28.0,5,4,2,2,0,0
2016-05-05,10661.38,35.0,21.0,28.0,16.0,14.0,7.0,16.0,1008.0,177.0,10.0,4.0,27.0,28.0,27.0,27.0,5,5,3,2,0,0
2016-05-06,10466.16,25.0,17.0,21.0,36.0,12.0,5.0,15.0,1009.0,198.0,10.0,24.0,21.0,21.0,27.0,21.0,5,6,4,2,0,0
2016-05-07,9595.49,24.0,13.0,19.0,49.0,11.0,4.0,9.0,1011.0,207.0,9.0,37.0,19.0,19.0,16.0,19.0,5,7,5,2,1,0
2016-05-08,9540.34,26.0,15.0,21.0,36.0,14.0,6.0,7.0,1010.0,232.0,10.0,15.0,21.0,21.0,15.0,21.0,5,8,6,2,1,0
2016-05-09,9733.820000000002,29.0,17.0,23.0,29.0,14.0,6.0,6.0,1011.0,240.0,10.0,2.0,23.0,23.0,12.0,23.0,5,9,0,2,0,0
2016-05-10,10454.46,31.0,20.0,26.0,24.0,14.0,7.0,7.0,1012.0,238.0,10.0,0.0,25.0,26.0,13.0,25.0,5,10,1,2,0,0
2016-05-11,10358.029999999999,33.0,20.0,27.0,21.0,14.0,7.0,5.0,1014.0,246.0,10.0,11.0,26.0,27.0,11.0,26.0,5,11,2,2,0,0
2016-05-12,10675.51,40.0,20.0,30.0,15.0,14.0,8.0,7.0,1014.0,227.0,10.0,5.0,29.0,30.0,14.0,29.0,5,12,3,2,0,0
2016-05-13,10525.539999999999,39.0,21.0,31.0,13.0,14.0,8.0,7.0,1012.0,235.0,10.0,2.0,30.0,31.0,13.0,30.0,5,13,4,2,0,0
2016-05-14,9549.730000000001,37.0,25.0,31.0,21.0,14.0,8.0,10.0,1009.0,220.0,10.0,10.0,29.0,31.0,20.0,29.0,5,14,5,2,1,0
2016-05-15,9541.08,33.0,23.0,28.0,22.0,14.0,7.0,13.0,1007.0,227.0,10.0,3.0,26.0,28.0,21.0,26.0,5,15,6,2,1,0
2016-05-16,9830.079999999998,31.0,20.0,26.0,25.0,14.0,7.0,10.0,1008.0,207.0,10.0,2.0,26.0,26.0,19.0,26.0,5,16,0,2,0,0
2016-05-17,10590.550000000001,30.0,19.0,26.0,27.0,13.0,6.0,12.0,1009.0,217.0,10.0,8.0,25.0,26.0,19.0,25.0,5,17,1,2,0,0
2016-05-18,10601.39,28.0,20.0,24.0,41.0,14.0,5.0,9.0,1011.0,157.0,10.0,42.0,24.0,24.0,16.0,24.0,5,18,2,2,0,0
2016-05-19,10436.269999999999,32.0,18.0,26.0,18.0,13.0,6.0,8.0,1009.0,205.0,10.0,33.0,25.0,26.0,14.0,25.0,5,19,3,2,0,0
2016-05-20,10652.76,35.0,19.0,27.0,16.0,13.0,6.0,12.0,1007.0,197.0,10.0,27.0,26.0,27.0,27.0,26.0,5,20,4,2,0,0
2016-05-21,9882.970000000001,33.0,20.0,27.0,17.0,14.0,7.0,12.0,1009.0,194.0,10.0,13.0,25.0,27.0,26.0,25.0,5,21,5,2,1,0
2016-05-22,9794.56,30.0,18.0,25.0,22.0,14.0,6.0,11.0,1011.0,217.0,10.0,0.0,24.0,25.0,19.0,24.0,5,22,6,2,1,0
2016-05-23,9705.28,32.0,18.0,26.0,16.0,14.0,7.0,7.0,1009.0,213.0,10.0,0.0,24.0,26.0,15.0,24.0,5,23,0,2,0,0
2016-05-24,10824.240000000003,30.0,18.0,25.0,20.0,14.0,7.0,11.0,1010.0,212.0,10.0,0.0,24.0,25.0,20.0,24.0,5,24,1,2,0,0
2016-05-25,11009.029999999999,31.0,19.0,25.0,20.0,14.0,7.0,11.0,1012.0,214.0,10.0,1.0,24.0,25.0,20.0,24.0,5,25,2,2,0,0
2016-05-26,10613.92,28.0,17.0,23.0,18.0,14.0,6.0,11.0,1011.0,250.0,10.0,5.0,23.0,23.0,20.0,23.0,5,26,3,2,0,0
2016-05-27,10409.68,33.0,19.0,27.0,16.0,14.0,7.0,9.0,1009.0,254.0,10.0,2.0,26.0,27.0,16.0,26.0,5,27,4,2,0,0
2016-05-28,9825.0,37.0,23.0,30.0,12.0,14.0,7.0,8.0,1008.0,213.0,10.0,0.0,28.0,30.0,15.0,28.0,5,28,5,2,1,0
2016-05-29,9770.57,34.0,22.0,28.0,17.0,14.0,7.0,10.0,1011.0,210.0,10.0,0.0,27.0,28.0,18.0,27.0,5,29,6,2,1,0
2016-05-30,9937.730000000001,34.0,20.0,28.0,11.0,14.0,7.0,8.0,1011.0,249.0,10.0,0.0,26.0,28.0,15.0,26.0,5,30,0,2,0,0
2016-05-31,10716.549999999997,37.0,19.0,29.0,15.0,14.0,7.0,8.0,1007.0,204.0,10.0,6.0,28.0,29.0,16.0,28.0,5,31,1,2,0,0
2016-06-01,10799.02,37.0,23.0,31.0,16.0,14.0,8.0,11.0,1009.0,238.0,10.0,5.0,29.0,31.0,21.0,29.0,6,1,2,3,0,0
2016-06-02,10759.68,40.0,23.0,33.0,13.0,14.0,8.0,10.0,1011.0,208.0,10.0,0.0,32.0,33.0,18.0,32.0,6,2,3,3,0,0
2016-06-03,10852.81,44.0,28.0,36.0,11.0,14.0,9.0,10.0,1010.0,251.0,10.0,0.0,35.0,36.0,19.0,35.0,6,3,4,3,0,0
2016-06-04,10099.440000000004,45.0,27.0,37.0,8.0,14.0,9.0,10.0,1008.0,205.0,10.0,0.0,36.0,37.0,19.0,36.0,6,4,5,3,1,0
2016-06-05,10138.63,45.0,28.0,37.0,7.0,14.0,9.0,8.0,1005.0,222.0,10.0,0.0,37.0,37.0,18.0,37.0,6,5,6,3,1,0
2016-06-06,10724.679999999998,42.0,27.0,36.0,8.0,14.0,9.0,9.0,1004.0,217.0,10.0,0.0,35.0,36.0,19.0,35.0,6,6,0,3,0,0
2016-06-07,11015.970000000001,41.0,26.0,34.0,13.0,14.0,8.0,9.0,1007.0,202.0,10.0,0.0,33.0,34.0,17.0,33.0,6,7,1,3,0,0
2016-06-08,10869.729999999998,41.0,26.0,34.0,25.0,14.0,8.0,9.0,1008.0,225.0,10.0,1.0,34.0,34.0,17.0,34.0,6,8,2,3,0,0
2016-06-09,10876.480000000001,38.0,25.0,32.0,26.0,14.0,8.0,11.0,1010.0,265.0,10.0,4.0,32.0,32.0,21.0,32.0,6,9,3,3,0,0
2016-06-10,10764.51,36.0,28.0,31.0,34.0,13.0,7.0,14.0,1011.0,260.0,10.0,16.0,31.0,31.0,21.0,31.0,6,10,4,3,0,0
2016-06-11,10078.640000000001,37.0,25.0,31.0,37.0,14.0,8.0,10.0,1011.0,183.0,10.0,10.0,31.0,31.0,19.0,31.0,6,11,5,3,1,0
2016-06-12,9916.88,37.0,25.0,32.0,22.0,14.0,8.0,10.0,1013.0,241.0,10.0,1.0,30.0,32.0,18.0,30.0,6,12,6,3,1,0
2016-06-13,10702.179999999998,36.0,23.0,30.0,15.0,14.0,8.0,9.0,1013.0,254.0,10.0,2.0,29.0,30.0,18.0,29.0,6,13,0,3,0,0
2016-06-14,10843.52,37.0,23.0,31.0,16.0,14.0,8.0,8.0,1010.0,210.0,10.0,0.0,29.0,31.0,15.0,29.0,6,14,1,3,0,0
2016-06-15,10835.07,38.0,22.0,31.0,14.0,14.0,8.0,8.0,1009.0,298.0,10.0,3.0,29.0,31.0,19.0,29.0,6,15,2,3,0,0
2016-06-16,10723.329999999998,37.0,22.0,30.0,18.0,13.0,7.0,8.0,1010.0,226.0,10.0,32.0,29.0,30.0,16.0,29.0,6,16,3,3,0,0
2016-06-17,10844.03,41.0,26.0,34.0,14.0,14.0,8.0,5.0,1013.0,252.0,10.0,0.0,32.0,34.0,12.0,32.0,6,17,4,3,0,0
2016-06-18,10052.239999999998,43.0,23.0,35.0,8.0,14.0,8.0,8.0,1013.0,220.0,10.0,11.0,34.0,35.0,18.0,34.0,6,18,5,3,1,0
2016-06-19,9921.58,49.0,26.0,38.0,9.0,14.0,9.0,10.0,1009.0,191.0,10.0,7.0,39.0,38.0,19.0,39.0,6,19,6,3,1,0
2016-06-20,10820.76,44.0,30.0,38.0,12.0,14.0,9.0,13.0,1008.0,216.0,10.0,3.0,38.0,38.0,25.0,38.0,6,20,0,3,0,0
2016-06-21,11298.47,42.0,29.0,36.0,20.0,10.0,8.0,10.0,1011.0,246.0,10.0,32.0,36.0,36.0,18.0,36.0,6,21,1,3,0,0
2016-06-22,11405.56,43.0,30.0,37.0,20.0,14.0,9.0,9.0,1009.0,233.0,10.0,2.0,36.0,37.0,19.0,36.0,6,22,2,3,0,0
2016-06-23,10802.099999999999,42.0,30.0,36.0,21.0,14.0,9.0,11.0,1010.0,176.0,10.0,6.0,36.0,36.0,17.0,36.0,6,23,3,3,0,0
2016-06-24,10514.070000000002,42.0,31.0,36.0,19.0,14.0,9.0,7.0,1009.0,222.0,10.0,5.0,35.0,36.0,18.0,35.0,6,24,4,3,0,0
2016-06-25,9810.93,43.0,28.0,35.0,19.0,14.0,9.0,6.0,1009.0,257.0,10.0,5.0,34.0,35.0,14.0,34.0,6,25,5,3,1,0
2016-06-26,9592.9,40.0,28.0,34.0,23.0,13.0,7.0,5.0,1011.0,211.0,10.0,38.0,34.0,34.0,14.0,34.0,6,26,6,3,1,0
2016-06-27,10388.69,42.0,29.0,36.0,24.0,13.0,8.0,5.0,1012.0,181.0,10.0,26.0,35.0,36.0,14.0,35.0,6,27,0,3,0,0
2016-06-28,10466.04,44.0,30.0,37.0,24.0,14.0,9.0,8.0,1010.0,141.0,10.0,15.0,37.0,37.0,15.0,37.0,6,28,1,3,0,0
2016-06-29,10470.790000000003,41.0,31.0,36.0,29.0,13.0,9.0,11.0,1011.0,136.0,10.0,14.0,36.0,36.0,20.0,36.0,6,29,2,3,0,0
2016-06-30,10499.599999999997,35.0,28.0,32.0,39.0,11.0,7.0,10.0,1012.0,110.0,10.0,45.0,32.0,32.0,18.0,32.0,6,30,3,3,0,0
2016-07-01,10146.859999999999,36.0,27.0,31.0,44.0,13.0,7.0,10.0,1012.0,131.0,10.0,29.0,32.0,31.0,17.0,32.0,7,1,4,3,0,0
2016-07-02,9614.75,38.0,26.0,33.0,41.0,14.0,8.0,9.0,1013.0,173.0,10.0,13.0,34.0,33.0,20.0,34.0,7,2,5,3,1,0
2016-07-03,9342.199999999999,40.0,27.0,34.0,28.0,14.0,8.0,6.0,1013.0,222.0,10.0,8.0,34.0,34.0,14.0,34.0,7,3,6,3,1,0
2016-07-04,9556.69,42.0,31.0,36.0,23.0,14.0,9.0,8.0,1011.0,249.0,10.0,2.0,36.0,36.0,15.0,36.0,7,4,0,3,0,0
2016-07-05,10245.650000000003,42.0,29.0,36.0,18.0,14.0,9.0,8.0,1010.0,205.0,10.0,1.0,36.0,36.0,16.0,36.0,7,5,1,3,0,0
2016-07-06,10468.46,40.0,28.0,35.0,21.0,14.0,8.0,8.0,1011.0,207.0,10.0,2.0,34.0,35.0,19.0,34.0,7,6,2,3,0,0
2016-07-07,10265.540000000003,40.0,29.0,35.0,28.0,14.0,8.0,8.0,1011.0,266.0,10.0,4.0,35.0,35.0,15.0,35.0,7,7,3,3,0,0
2016-07-08,10311.729999999998,42.0,28.0,36.0,19.0,14.0,9.0,7.0,1012.0,232.0,10.0,1.0,35.0,36.0,15.0,35.0,7,8,4,3,0,0
2016-07-09,9546.43,42.0,29.0,36.0,19.0,14.0,9.0,9.0,1012.0,259.0,10.0,2.0,35.0,36.0,17.0,35.0,7,9,5,3,1,0
2016-07-10,9428.64,42.0,30.0,36.0,18.0,14.0,9.0,10.0,1008.0,233.0,10.0,1.0,36.0,36.0,20.0,36.0,7,10,6,3,1,0
2016-07-11,10293.979999999998,40.0,28.0,35.0,13.0,14.0,8.0,11.0,1007.0,235.0,10.0,0.0,34.0,35.0,20.0,34.0,7,11,0,3,0,0
2016-07-12,10277.86,41.0,27.0,35.0,15.0,14.0,9.0,9.0,1009.0,203.0,10.0,0.0,34.0,35.0,17.0,34.0,7,12,1,3,0,0
2016-07-13,10317.730000000003,43.0,29.0,36.0,18.0,14.0,9.0,6.0,1012.0,242.0,10.0,0.0,36.0,36.0,13.0,36.0,7,13,2,3,0,0
2016-07-14,10366.899999999998,43.0,31.0,37.0,20.0,14.0,9.0,9.0,1012.0,275.0,10.0,1.0,36.0,37.0,19.0,36.0,7,14,3,3,0,0
2016-07-15,10262.6,43.0,31.0,37.0,20.0,14.0,9.0,11.0,1009.0,269.0,10.0,1.0,36.0,37.0,20.0,36.0,7,15,4,3,0,0
2016-07-16,9508.81,41.0,29.0,36.0,24.0,14.0,9.0,8.0,1010.0,235.0,10.0,3.0,35.0,36.0,16.0,35.0,7,16,5,3,1,0
2016-07-17,9348.549999999997,39.0,30.0,35.0,27.0,13.0,7.0,9.0,1011.0,207.0,10.0,23.0,35.0,35.0,16.0,35.0,7,17,6,3,1,0
2016-07-18,10284.62,39.0,29.0,34.0,31.0,13.0,7.0,9.0,1012.0,204.0,10.0,49.0,34.0,34.0,15.0,34.0,7,18,0,3,0,0
2016-07-19,10262.250000000002,39.0,28.0,34.0,33.0,9.0,7.0,10.0,1012.0,213.0,10.0,58.0,35.0,34.0,16.0,35.0,7,19,1,3,0,0
2016-07-20,10370.890000000001,39.0,28.0,34.0,35.0,12.0,7.0,9.0,1012.0,225.0,10.0,55.0,35.0,34.0,15.0,35.0,7,20,2,3,0,0
2016-07-21,10300.86,42.0,28.0,36.0,37.0,12.0,8.0,9.0,1012.0,216.0,10.0,49.0,37.0,36.0,14.0,37.0,7,21,3,3,0,0
2016-07-22,10257.1,42.0,29.0,37.0,34.0,12.0,8.0,11.0,1011.0,221.0,10.0,50.0,38.0,37.0,15.0,38.0,7,22,4,3,0,0
2016-07-23,9342.91,42.0,29.0,36.0,34.0,12.0,8.0,9.0,1009.0,210.0,10.0,50.0,37.0,36.0,19.0,37.0,7,23,5,3,1,0
2016-07-24,9382.16,40.0,29.0,35.0,34.0,12.0,7.0,9.0,1010.0,184.0,10.0,53.0,36.0,35.0,19.0,36.0,7,24,6,3,1,0
2016-07-25,10229.849999999999,40.0,29.0,35.0,34.0,13.0,7.0,9.0,1011.0,203.0,10.0,49.0,36.0,35.0,17.0,36.0,7,25,0,3,0,0
2016-07-26,10143.77,41.0,29.0,36.0,31.0,11.0,8.0,9.0,1009.0,216.0,10.0,53.0,36.0,36.0,15.0,36.0,7,26,1,3,0,0
2016-07-27,10212.83,43.0,29.0,36.0,29.0,14.0,8.0,9.0,1009.0,219.0,10.0,37.0,37.0,36.0,20.0,37.0,7,27,2,3,0,0
2016-07-28,10357.66,43.0,32.0,37.0,29.0,14.0,9.0,9.0,1009.0,209.0,10.0,8.0,38.0,37.0,18.0,38.0,7,28,3,3,0,0
2016-07-29,10462.359999999999,42.0,31.0,37.0,28.0,13.0,8.0,12.0,1008.0,265.0,10.0,16.0,38.0,37.0,21.0,38.0,7,29,4,3,0,0
2016-07-30,9697.65,39.0,30.0,34.0,36.0,13.0,7.0,8.0,1010.0,180.0,10.0,16.0,35.0,34.0,18.0,35.0,7,30,5,3,1,0
2016-07-31,9501.11,37.0,29.0,32.0,40.0,13.0,7.0,10.0,1011.0,269.0,10.0,25.0,34.0,32.0,20.0,34.0,7,31,6,3,1,0
2016-08-01,10312.739999999998,36.0,29.0,32.0,46.0,11.0,7.0,8.0,1012.0,209.0,10.0,26.0,33.0,32.0,12.0,33.0,8,1,0,3,0,0
2016-08-02,10397.67,34.0,27.0,31.0,47.0,6.0,7.0,8.0,1014.0,148.0,9.0,50.0,32.0,31.0,12.0,32.0,8,2,1,3,0,0
2016-08-03,10319.22,35.0,27.0,30.0,50.0,12.0,7.0,7.0,1014.0,146.0,9.0,36.0,32.0,30.0,12.0,32.0,8,3,2,3,0,0
2016-08-04,10438.74,36.0,27.0,31.0,49.0,14.0,8.0,6.0,1011.0,162.0,9.0,26.0,34.0,31.0,11.0,34.0,8,4,3,3,0,0
2016-08-05,10568.43,36.0,27.0,31.0,43.0,13.0,7.0,6.0,1010.0,134.0,10.0,38.0,33.0,31.0,11.0,33.0,8,5,4,3,0,0
2016-08-06,9593.09,39.0,27.0,33.0,36.0,14.0,8.0,7.0,1008.0,116.0,10.0,7.0,35.0,33.0,10.0,35.0,8,6,5,3,1,0
2016-08-07,9550.25,41.0,28.0,34.0,29.0,14.0,8.0,8.0,1006.0,160.0,10.0,6.0,36.0,34.0,13.0,36.0,8,7,6,3,1,0
2016-08-08,10382.55,42.0,27.0,36.0,19.0,14.0,9.0,6.0,1007.0,231.0,10.0,5.0,35.0,36.0,12.0,35.0,8,8,0,3,0,0
2016-08-09,10510.95,35.0,30.0,32.0,42.0,12.0,7.0,10.0,1010.0,213.0,10.0,24.0,34.0,32.0,16.0,34.0,8,9,1,3,0,0
2016-08-10,10632.990000000002,35.0,25.0,30.0,47.0,12.0,6.0,5.0,1012.0,213.0,9.0,46.0,32.0,30.0,13.0,32.0,8,10,2,3,0,0
2016-08-11,10568.6,33.0,24.0,28.0,54.0,10.0,6.0,6.0,1014.0,248.0,9.0,44.0,30.0,28.0,12.0,30.0,8,11,3,3,0,0
2016-08-12,10390.75,37.0,27.0,32.0,39.0,14.0,8.0,10.0,1012.0,266.0,10.0,4.0,33.0,32.0,15.0,33.0,8,12,4,3,0,0
2016-08-13,9746.060000000001,38.0,27.0,33.0,34.0,14.0,8.0,5.0,1010.0,202.0,10.0,1.0,34.0,33.0,10.0,34.0,8,13,5,3,1,0
2016-08-14,9632.55,39.0,26.0,33.0,30.0,14.0,8.0,9.0,1011.0,139.0,10.0,2.0,34.0,33.0,16.0,34.0,8,14,6,3,1,0
2016-08-15,10197.560000000001,42.0,26.0,35.0,25.0,14.0,8.0,8.0,1010.0,167.0,10.0,1.0,35.0,35.0,15.0,35.0,8,15,0,3,0,0
2016-08-16,10460.58,43.0,27.0,36.0,24.0,14.0,9.0,10.0,1010.0,97.0,10.0,3.0,36.0,36.0,15.0,36.0,8,16,1,3,0,0
2016-08-17,10360.73,42.0,27.0,35.0,24.0,14.0,9.0,9.0,1010.0,137.0,10.0,7.0,35.0,35.0,20.0,35.0,8,17,2,3,0,0
2016-08-18,10572.03,39.0,28.0,34.0,29.0,14.0,8.0,11.0,1010.0,181.0,10.0,7.0,33.0,34.0,19.0,33.0,8,18,3,3,0,0
2016-08-19,10395.16,38.0,27.0,33.0,27.0,14.0,8.0,10.0,1010.0,242.0,10.0,5.0,32.0,33.0,21.0,32.0,8,19,4,3,0,0
2016-08-20,9577.68,37.0,28.0,33.0,41.0,13.0,7.0,8.0,1011.0,224.0,10.0,22.0,34.0,33.0,16.0,34.0,8,20,5,3,1,0
2016-08-21,9602.890000000001,37.0,26.0,32.0,37.0,13.0,7.0,6.0,1011.0,179.0,10.0,13.0,32.0,32.0,12.0,32.0,8,21,6,3,1,0
2016-08-22,10339.0,36.0,27.0,32.0,42.0,14.0,8.0,8.0,1011.0,195.0,10.0,15.0,32.0,32.0,13.0,32.0,8,22,0,3,0,0
2016-08-23,10389.260000000002,36.0,27.0,31.0,38.0,14.0,8.0,10.0,1014.0,154.0,10.0,10.0,31.0,31.0,17.0,31.0,8,23,1,3,0,0
2016-08-24,10585.410000000002,38.0,26.0,32.0,32.0,13.0,7.0,7.0,1014.0,160.0,10.0,9.0,32.0,32.0,13.0,32.0,8,24,2,3,0,0
2016-08-25,10505.730000000001,37.0,25.0,32.0,34.0,12.0,7.0,7.0,1012.0,163.0,10.0,12.0,32.0,32.0,11.0,32.0,8,25,3,3,0,0
2016-08-26,10500.689999999999,36.0,27.0,31.0,35.0,13.0,7.0,9.0,1012.0,166.0,10.0,25.0,31.0,31.0,14.0,31.0,8,26,4,3,0,0
2016-08-27,9748.32,36.0,26.0,31.0,34.0,13.0,8.0,7.0,1012.0,221.0,10.0,17.0,30.0,31.0,14.0,30.0,8,27,5,3,1,0
2016-08-28,9613.4,36.0,24.0,31.0,25.0,12.0,8.0,5.0,1013.0,202.0,10.0,4.0,30.0,31.0,10.0,30.0,8,28,6,3,1,0
2016-08-29,10406.960000000001,42.0,24.0,34.0,22.0,12.0,8.0,7.0,1011.0,114.0,10.0,2.0,33.0,34.0,15.0,33.0,8,29,0,3,0,0
2016-08-30,10512.540000000003,38.0,26.0,33.0,26.0,12.0,8.0,9.0,1010.0,102.0,10.0,2.0,32.0,33.0,17.0,32.0,8,30,1,3,0,0
2016-08-31,10403.22,38.0,29.0,34.0,31.0,12.0,8.0,8.0,1010.0,157.0,10.0,4.0,34.0,34.0,18.0,34.0,8,31,2,3,0,0
2016-09-01,10468.599999999999,38.0,30.0,33.0,36.0,12.0,8.0,9.0,1011.0,167.0,10.0,21.0,34.0,33.0,19.0,34.0,9,1,3,4,0,0
2016-09-02,10304.109999999999,38.0,28.0,33.0,39.0,12.0,8.0,6.0,1010.0,143.0,10.0,20.0,35.0,33.0,12.0,35.0,9,2,4,4,0,0
2016-09-03,9465.769999999999,39.0,26.0,33.0,24.0,12.0,8.0,12.0,1007.0,196.0,10.0,4.0,32.0,33.0,18.0,32.0,9,3,5,4,1,0
2016-09-04,9520.01,37.0,23.0,31.0,15.0,12.0,8.0,10.0,1006.0,192.0,10.0,0.0,29.0,31.0,17.0,29.0,9,4,6,4,1,0
2016-09-05,9772.579999999996,38.0,22.0,31.0,19.0,12.0,8.0,6.0,1005.0,218.0,10.0,0.0,30.0,31.0,12.0,30.0,9,5,0,4,0,0
2016-09-06,10280.060000000001,37.0,24.0,31.0,23.0,11.0,7.0,7.0,1009.0,200.0,10.0,10.0,30.0,31.0,17.0,30.0,9,6,1,4,0,0
2016-09-07,10546.87,29.0,25.0,27.0,66.0,5.0,6.0,9.0,1013.0,192.0,8.0,52.0,29.0,27.0,15.0,29.0,9,7,2,4,0,0
2016-09-08,10454.219999999996,34.0,24.0,28.0,60.0,12.0,7.0,7.0,1015.0,198.0,9.0,15.0,30.0,28.0,13.0,30.0,9,8,3,4,0,0
2016-09-09,10519.94,37.0,24.0,31.0,40.0,12.0,8.0,7.0,1012.0,230.0,10.0,11.0,31.0,31.0,13.0,31.0,9,9,4,4,0,0
2016-09-10,9703.16,39.0,25.0,33.0,31.0,12.0,8.0,4.0,1014.0,201.0,10.0,8.0,33.0,33.0,13.0,33.0,9,10,5,4,1,0
2016-09-11,9690.82,39.0,26.0,33.0,26.0,12.0,8.0,7.0,1014.0,215.0,10.0,3.0,32.0,33.0,14.0,32.0,9,11,6,4,1,0
2016-09-12,10384.32,36.0,27.0,31.0,32.0,12.0,8.0,9.0,1010.0,197.0,10.0,6.0,31.0,31.0,18.0,31.0,9,12,0,4,0,0
2016-09-13,10580.869999999999,35.0,25.0,30.0,36.0,10.0,6.0,16.0,1011.0,176.0,10.0,18.0,29.0,30.0,29.0,29.0,9,13,1,4,0,0
2016-09-14,10584.55,35.0,25.0,30.0,33.0,12.0,7.0,8.0,1013.0,216.0,10.0,3.0,29.0,30.0,13.0,29.0,9,14,2,4,0,0
2016-09-15,10515.829999999998,36.0,23.0,30.0,18.0,12.0,8.0,6.0,1012.0,247.0,10.0,0.0,29.0,30.0,12.0,29.0,9,15,3,4,0,0
2016-09-16,10618.150000000001,37.0,20.0,29.0,15.0,12.0,7.0,5.0,1012.0,138.0,10.0,0.0,28.0,29.0,9.0,28.0,9,16,4,4,0,0
2016-09-17,9978.719999999998,38.0,20.0,30.0,16.0,12.0,7.0,6.0,1012.0,81.0,10.0,0.0,29.0,30.0,12.0,29.0,9,17,5,4,1,0
2016-09-18,9874.810000000001,40.0,21.0,31.0,14.0,12.0,8.0,6.0,1013.0,128.0,10.0,0.0,31.0,31.0,13.0,31.0,9,18,6,4,1,0
2016-09-19,10581.480000000001,36.0,21.0,30.0,19.0,8.0,6.0,11.0,1014.0,179.0,10.0,36.0,28.0,30.0,19.0,28.0,9,19,0,4,0,0
2016-09-20,10461.38,32.0,27.0,29.0,40.0,12.0,6.0,10.0,1015.0,234.0,10.0,53.0,29.0,29.0,18.0,29.0,9,20,1,4,0,0
2016-09-21,10733.089999999998,35.0,25.0,29.0,50.0,12.0,7.0,9.0,1011.0,188.0,9.0,15.0,31.0,29.0,16.0,31.0,9,21,2,4,0,0
2016-09-22,10623.54,30.0,25.0,27.0,65.0,10.0,6.0,8.0,1010.0,227.0,9.0,30.0,29.0,27.0,15.0,29.0,9,22,3,4,0,0
2016-09-23,10577.889999999998,29.0,21.0,25.0,34.0,12.0,6.0,11.0,1012.0,257.0,10.0,4.0,25.0,25.0,18.0,25.0,9,23,4,4,0,0
2016-09-24,9740.849999999999,31.0,16.0,25.0,21.0,12.0,6.0,6.0,1015.0,168.0,10.0,0.0,24.0,25.0,11.0,24.0,9,24,5,4,1,0
2016-09-25,9764.670000000002,36.0,20.0,28.0,22.0,12.0,7.0,11.0,1015.0,156.0,10.0,0.0,27.0,28.0,21.0,27.0,9,25,6,4,1,0
2016-09-26,10510.84,30.0,23.0,26.0,33.0,12.0,7.0,16.0,1016.0,109.0,10.0,33.0,26.0,26.0,27.0,26.0,9,26,0,4,0,0
2016-09-27,10435.82,31.0,21.0,26.0,39.0,12.0,7.0,11.0,1015.0,102.0,10.0,10.0,26.0,26.0,20.0,26.0,9,27,1,4,0,0
2016-09-28,10462.23,33.0,22.0,27.0,41.0,11.0,6.0,11.0,1014.0,110.0,10.0,20.0,28.0,27.0,22.0,28.0,9,28,2,4,0,0
2016-09-29,10432.330000000002,33.0,24.0,29.0,41.0,9.0,6.0,7.0,1017.0,110.0,10.0,26.0,29.0,29.0,16.0,29.0,9,29,3,4,0,0
2016-09-30,10555.48,35.0,22.0,29.0,39.0,12.0,7.0,6.0,1016.0,157.0,10.0,6.0,29.0,29.0,12.0,29.0,9,30,4,4,0,0
2016-10-01,9691.269999999999,35.0,22.0,29.0,36.0,12.0,7.0,6.0,1014.0,139.0,10.0,3.0,29.0,29.0,10.0,29.0,10,1,5,4,1,0
2016-10-02,9681.779999999997,29.0,23.0,26.0,50.0,11.0,6.0,9.0,1013.0,125.0,10.0,46.0,26.0,26.0,19.0,26.0,10,2,6,4,1,0
2016-10-03,10539.509999999998,29.0,21.0,24.0,37.0,12.0,6.0,10.0,1010.0,195.0,10.0,1.0,24.0,24.0,17.0,24.0,10,3,0,4,0,0
2016-10-04,10706.42,29.0,15.0,23.0,19.0,12.0,6.0,5.0,1010.0,151.0,10.0,0.0,22.0,23.0,9.0,22.0,10,4,1,4,0,0
2016-10-05,10486.980000000001,31.0,15.0,23.0,24.0,12.0,6.0,8.0,1010.0,169.0,10.0,1.0,23.0,23.0,13.0,23.0,10,5,2,4,0,0
2016-10-06,10704.8,32.0,18.0,25.0,33.0,12.0,7.0,4.0,1012.0,201.0,10.0,1.0,25.0,25.0,8.0,25.0,10,6,3,4,0,0
2016-10-07,10389.69,35.0,16.0,26.0,22.0,12.0,7.0,7.0,1012.0,122.0,10.0,5.0,25.0,26.0,15.0,25.0,10,7,4,4,0,0
2016-10-08,9550.84,34.0,23.0,28.0,36.0,12.0,7.0,11.0,1012.0,110.0,10.0,14.0,28.0,28.0,23.0,28.0,10,8,5,4,1,0
2016-10-09,9602.659999999998,35.0,22.0,28.0,38.0,12.0,7.0,8.0,1014.0,142.0,10.0,4.0,29.0,28.0,14.0,29.0,10,9,6,4,1,0
2016-10-10,10309.529999999999,35.0,21.0,28.0,32.0,11.0,7.0,5.0,1014.0,196.0,10.0,8.0,27.0,28.0,10.0,27.0,10,10,0,4,0,0
2016-10-11,10429.92,35.0,20.0,28.0,24.0,11.0,7.0,7.0,1014.0,183.0,10.0,2.0,27.0,28.0,12.0,27.0,10,11,1,4,0,0
2016-10-12,10669.589999999997,35.0,19.0,27.0,21.0,10.0,6.0,6.0,1014.0,172.0,10.0,13.0,26.0,27.0,11.0,26.0,10,12,2,4,0,0
2016-10-13,10616.610000000002,34.0,18.0,26.0,19.0,11.0,7.0,5.0,1014.0,158.0,10.0,1.0,25.0,26.0,9.0,25.0,10,13,3,4,0,0
2016-10-14,10617.85,36.0,17.0,27.0,19.0,11.0,7.0,5.0,1013.0,152.0,10.0,2.0,26.0,27.0,11.0,26.0,10,14,4,4,0,0
2016-10-15,9797.18,36.0,18.0,27.0,22.0,11.0,7.0,4.0,1012.0,192.0,10.0,0.0,26.0,27.0,9.0,26.0,10,15,5,4,1,0
2016-10-16,10080.35,34.0,19.0,27.0,25.0,11.0,7.0,6.0,1012.0,204.0,10.0,2.0,26.0,27.0,11.0,26.0,10,16,6,4,1,0
2016-10-17,10715.459999999997,32.0,19.0,26.0,31.0,11.0,7.0,5.0,1011.0,224.0,10.0,0.0,26.0,26.0,11.0,26.0,10,17,0,4,0,0
2016-10-18,10762.52,33.0,18.0,26.0,34.0,11.0,7.0,5.0,1011.0,218.0,10.0,1.0,25.0,26.0,11.0,25.0,10,18,1,4,0,0
2016-10-19,10697.979999999998,31.0,17.0,26.0,28.0,11.0,7.0,6.0,1014.0,147.0,10.0,0.0,25.0,26.0,10.0,25.0,10,19,2,4,0,0
2016-10-20,10571.06,35.0,16.0,26.0,14.0,11.0,7.0,12.0,1015.0,54.0,10.0,0.0,25.0,26.0,23.0,25.0,10,20,3,4,0,0
2016-10-21,10576.939999999999,35.0,21.0,28.0,27.0,11.0,7.0,10.0,1013.0,83.0,10.0,0.0,28.0,28.0,20.0,28.0,10,21,4,4,0,0
2016-10-22,9829.31,36.0,20.0,28.0,26.0,11.0,7.0,8.0,1012.0,169.0,10.0,3.0,27.0,28.0,15.0,27.0,10,22,5,4,1,0
2016-10-23,9701.049999999997,35.0,20.0,28.0,26.0,11.0,7.0,5.0,1015.0,168.0,10.0,4.0,27.0,28.0,10.0,27.0,10,23,6,4,1,0
2016-10-24,10519.719999999998,32.0,20.0,27.0,33.0,11.0,7.0,5.0,1016.0,148.0,10.0,15.0,26.0,27.0,10.0,26.0,10,24,0,4,0,0
2016-10-25,10596.699999999999,32.0,22.0,27.0,45.0,11.0,7.0,6.0,1016.0,159.0,10.0,10.0,27.0,27.0,12.0,27.0,10,25,1,4,0,0
2016-10-26,10635.119999999999,34.0,19.0,27.0,34.0,11.0,7.0,8.0,1015.0,142.0,10.0,5.0,26.0,27.0,14.0,26.0,10,26,2,4,0,0
2016-10-27,10583.169999999998,36.0,20.0,28.0,27.0,11.0,7.0,8.0,1013.0,171.0,10.0,5.0,28.0,28.0,15.0,28.0,10,27,3,4,0,0
2016-10-28,10614.75,34.0,23.0,28.0,27.0,11.0,7.0,7.0,1013.0,195.0,10.0,8.0,27.0,28.0,13.0,27.0,10,28,4,4,0,0
2016-10-29,9806.369999999999,35.0,20.0,28.0,29.0,11.0,7.0,5.0,1015.0,113.0,10.0,4.0,27.0,28.0,10.0,27.0,10,29,5,4,1,0
2016-10-30,9898.810000000001,34.0,20.0,27.0,29.0,11.0,7.0,6.0,1015.0,130.0,10.0,6.0,26.0,27.0,13.0,26.0,10,30,6,4,1,0
2016-10-31,10723.56,29.0,19.0,25.0,38.0,11.0,6.0,8.0,1013.0,211.0,10.0,6.0,25.0,25.0,15.0,25.0,10,31,0,4,0,0
2016-11-01,10644.850000000002,26.0,18.0,22.0,35.0,11.0,6.0,6.0,1012.0,270.0,10.0,6.0,23.0,22.0,12.0,23.0,11,1,1,4,0,0
2016-11-02,10648.199999999999,28.0,14.0,22.0,31.0,11.0,6.0,4.0,1014.0,253.0,10.0,3.0,21.0,22.0,9.0,22.0,11,2,2,4,0,0
2016-11-03,10520.710000000001,29.0,18.0,23.0,39.0,9.0,5.0,14.0,1017.0,72.0,10.0,27.0,23.0,23.0,26.0,23.0,11,3,3,4,0,0
2016-11-04,10506.050000000001,27.0,17.0,22.0,52.0,11.0,6.0,4.0,1018.0,162.0,10.0,7.0,22.0,22.0,9.0,22.0,11,4,4,4,0,0
2016-11-05,9925.779999999997,28.0,16.0,22.0,48.0,11.0,6.0,5.0,1016.0,139.0,10.0,8.0,22.0,22.0,10.0,22.0,11,5,5,4,1,0
2016-11-06,9468.160000000002,29.0,15.0,22.0,46.0,11.0,6.0,4.0,1017.0,157.0,10.0,5.0,22.0,22.0,9.0,22.0,11,6,6,4,1,0
2016-11-07,10752.160000000002,30.0,15.0,22.0,41.0,11.0,6.0,5.0,1018.0,160.0,10.0,5.0,22.0,22.0,10.0,22.0,11,7,0,4,0,0
2016-11-08,10655.630000000003,31.0,17.0,24.0,28.0,11.0,6.0,15.0,1020.0,75.0,10.0,9.0,23.0,24.0,27.0,23.0,11,8,1,4,0,0
2016-11-09,10858.05,28.0,17.0,22.0,27.0,11.0,6.0,16.0,1020.0,86.0,10.0,1.0,22.0,22.0,26.0,22.0,11,9,2,4,0,0
2016-11-10,10945.929999999998,26.0,16.0,21.0,29.0,11.0,6.0,13.0,1020.0,82.0,10.0,1.0,21.0,21.0,24.0,21.0,11,10,3,4,0,0
2016-11-11,10344.2,27.0,15.0,21.0,36.0,11.0,6.0,10.0,1020.0,73.0,10.0,2.0,21.0,21.0,17.0,21.0,11,11,4,4,0,0
2016-11-12,10074.25,28.0,14.0,21.0,34.0,11.0,6.0,9.0,1020.0,71.0,10.0,6.0,21.0,21.0,16.0,21.0,11,12,5,4,1,0
2016-11-13,10097.950000000003,29.0,13.0,21.0,34.0,11.0,6.0,6.0,1019.0,144.0,10.0,5.0,21.0,21.0,13.0,21.0,11,13,6,4,1,0
2016-11-14,10934.410000000002,30.0,13.0,22.0,24.0,11.0,6.0,6.0,1020.0,138.0,10.0,0.0,21.0,22.0,11.0,22.0,11,14,0,4,0,0
2016-11-15,10726.629999999997,31.0,13.0,21.0,19.0,10.0,6.0,6.0,1017.0,120.0,10.0,9.0,21.0,21.0,12.0,21.0,11,15,1,4,0,0
2016-11-16,10801.170000000002,28.0,16.0,21.0,19.0,8.0,5.0,6.0,1010.0,168.0,10.0,61.0,20.0,21.0,11.0,21.0,11,16,2,4,0,0
2016-11-17,10650.369999999999,22.0,13.0,18.0,24.0,10.0,5.0,10.0,1012.0,244.0,10.0,3.0,18.0,18.0,16.0,18.0,11,17,3,4,0,0
2016-11-18,10736.960000000001,25.0,7.0,16.0,15.0,10.0,5.0,9.0,1020.0,72.0,10.0,2.0,16.0,15.0,18.0,15.0,11,18,4,4,0,0
2016-11-19,10139.609999999999,27.0,13.0,19.0,18.0,10.0,5.0,11.0,1019.0,75.0,10.0,8.0,19.0,19.0,23.0,19.0,11,19,5,4,1,0
2016-11-20,9983.509999999998,23.0,15.0,18.0,36.0,5.0,4.0,9.0,1016.0,126.0,9.0,59.0,18.0,18.0,16.0,18.0,11,20,6,4,1,0
2016-11-21,10804.999999999998,19.0,14.0,17.0,63.0,7.0,4.0,11.0,1013.0,190.0,9.0,55.0,17.0,17.0,23.0,17.0,11,21,0,4,0,0
2016-11-22,10838.44,20.0,11.0,15.0,57.0,10.0,5.0,4.0,1018.0,195.0,10.0,5.0,15.0,15.0,8.0,15.0,11,22,1,4,0,0
2016-11-23,10562.21,22.0,9.0,15.0,45.0,10.0,5.0,6.0,1019.0,163.0,10.0,0.0,15.0,15.0,11.0,15.0,11,23,2,4,0,0
2016-11-24,9860.619999999999,24.0,9.0,15.0,28.0,10.0,4.0,10.0,1020.0,86.0,10.0,26.0,15.0,14.0,21.0,14.0,11,24,3,4,0,0
2016-11-25,9952.16,25.0,8.0,15.0,22.0,10.0,5.0,12.0,1020.0,64.0,10.0,0.0,15.0,15.0,22.0,15.0,11,25,4,4,0,0
2016-11-26,9723.240000000002,24.0,11.0,17.0,33.0,10.0,4.0,12.0,1016.0,130.0,10.0,22.0,17.0,17.0,21.0,17.0,11,26,5,4,1,0
2016-11-27,9768.13,16.0,10.0,13.0,51.0,9.0,3.0,14.0,1014.0,233.0,10.0,27.0,13.0,12.0,24.0,12.0,11,27,6,4,1,0
2016-11-28,10557.679999999995,15.0,7.0,11.0,59.0,10.0,3.0,5.0,1013.0,146.0,10.0,21.0,11.0,11.0,8.0,11.0,11,28,0,4,0,0
2016-11-29,10928.250000000002,16.0,6.0,11.0,44.0,10.0,4.0,7.0,1015.0,246.0,10.0,4.0,11.0,10.0,12.0,10.0,11,29,1,4,0,0
2016-11-30,10805.720000000001,17.0,3.0,9.0,30.0,10.0,3.0,7.0,1018.0,159.0,10.0,0.0,9.0,8.0,13.0,8.0,11,30,2,4,0,0
2016-12-01,10817.86,16.0,4.0,10.0,30.0,10.0,3.0,5.0,1014.0,178.0,10.0,17.0,10.0,10.0,8.0,10.0,12,1,3,1,0,0
2016-12-02,10894.130000000001,15.0,6.0,10.0,33.0,10.0,2.0,5.0,1013.0,187.0,10.0,43.0,10.0,10.0,9.0,10.0,12,2,4,1,0,0
2016-12-03,10150.87,21.0,5.0,12.0,38.0,10.0,4.0,10.0,1014.0,126.0,10.0,3.0,12.0,11.0,21.0,11.0,12,3,5,1,1,0
2016-12-04,10172.539999999999,21.0,5.0,12.0,26.0,10.0,4.0,7.0,1017.0,122.0,10.0,0.0,12.0,11.0,14.0,11.0,12,4,6,1,1,0
2016-12-05,10818.470000000001,20.0,5.0,12.0,28.0,10.0,4.0,5.0,1013.0,186.0,10.0,5.0,12.0,11.0,10.0,11.0,12,5,0,1,0,0
2016-12-06,10527.390000000003,19.0,6.0,12.0,39.0,10.0,4.0,7.0,1013.0,150.0,10.0,18.0,12.0,12.0,12.0,12.0,12,6,1,1,0,0
2016-12-07,10740.22,18.0,9.0,14.0,63.0,10.0,4.0,5.0,1015.0,207.0,10.0,12.0,14.0,14.0,11.0,14.0,12,7,2,1,0,0
2016-12-08,10853.13,21.0,6.0,13.0,52.0,10.0,4.0,4.0,1022.0,243.0,10.0,1.0,13.0,13.0,7.0,13.0,12,8,3,1,0,0
2016-12-09,10690.939999999999,22.0,6.0,13.0,49.0,10.0,3.0,5.0,1022.0,172.0,10.0,18.0,13.0,13.0,10.0,13.0,12,9,4,1,0,0
2016-12-10,9893.84,23.0,7.0,15.0,43.0,10.0,4.0,4.0,1019.0,173.0,10.0,2.0,15.0,14.0,7.0,14.0,12,10,5,1,1,0
2016-12-11,9731.17,22.0,9.0,15.0,43.0,10.0,5.0,4.0,1017.0,197.0,10.0,9.0,15.0,15.0,8.0,15.0,12,11,6,1,1,0
2016-12-12,10630.779999999999,23.0,9.0,16.0,51.0,10.0,5.0,4.0,1017.0,156.0,10.0,6.0,16.0,15.0,8.0,15.0,12,12,0,1,0,0
2016-12-13,10746.990000000002,24.0,10.0,17.0,53.0,10.0,5.0,3.0,1018.0,142.0,10.0,4.0,17.0,17.0,7.0,17.0,12,13,1,1,0,0
2016-12-14,10806.619999999999,25.0,9.0,17.0,52.0,10.0,5.0,5.0,1018.0,57.0,10.0,1.0,17.0,17.0,9.0,17.0,12,14,2,1,0,0
2016-12-15,10921.220000000001,25.0,8.0,16.0,45.0,8.0,4.0,5.0,1016.0,122.0,10.0,34.0,16.0,16.0,11.0,16.0,12,15,3,1,0,0
2016-12-16,10349.05,23.0,14.0,18.0,56.0,10.0,4.0,10.0,1010.0,170.0,9.0,50.0,18.0,18.0,22.0,18.0,12,16,4,1,0,0
2016-12-17,9977.460000000001,18.0,7.0,12.0,40.0,10.0,4.0,16.0,1014.0,248.0,10.0,12.0,12.0,11.0,24.0,11.0,12,17,5,1,1,0
2016-12-18,9798.470000000001,18.0,3.0,10.0,35.0,10.0,3.0,7.0,1022.0,64.0,10.0,1.0,10.0,9.0,13.0,9.0,12,18,6,1,1,0
2016-12-19,10872.91,20.0,5.0,12.0,30.0,10.0,4.0,13.0,1025.0,45.0,10.0,0.0,12.0,10.0,25.0,10.0,12,19,0,1,0,0
2016-12-20,10741.82,24.0,7.0,14.0,32.0,5.0,3.0,8.0,1024.0,144.0,10.0,44.0,14.0,13.0,16.0,13.0,12,20,1,1,0,0
2016-12-21,10530.58,20.0,12.0,16.0,45.0,10.0,4.0,7.0,1019.0,106.0,10.0,48.0,16.0,16.0,12.0,16.0,12,21,2,1,0,0
2016-12-22,10637.25,18.0,13.0,16.0,81.0,5.0,4.0,11.0,1015.0,190.0,7.0,71.0,16.0,16.0,22.0,16.0,12,22,3,1,0,0
2016-12-23,10313.24,16.0,11.0,13.0,83.0,10.0,3.0,3.0,1017.0,168.0,8.0,53.0,13.0,14.0,7.0,14.0,12,23,4,1,0,0
2016-12-24,9638.11,14.0,6.0,10.0,78.0,4.0,2.0,14.0,1009.0,157.0,9.0,50.0,10.0,8.0,27.0,8.0,12,24,5,1,1,0
2016-12-25,9620.650000000003,11.0,5.0,8.0,61.0,9.0,2.0,7.0,1018.0,181.0,10.0,17.0,8.0,7.0,11.0,7.0,12,25,6,1,1,0
2016-12-26,9741.51,16.0,2.0,8.0,49.0,10.0,3.0,7.0,1024.0,70.0,10.0,4.0,8.0,7.0,12.0,7.0,12,26,0,1,0,0
2016-12-27,10058.05,21.0,4.0,11.0,46.0,10.0,4.0,6.0,1023.0,99.0,10.0,3.0,11.0,10.0,11.0,10.0,12,27,1,1,0,0
2016-12-28,10194.369999999997,19.0,6.0,12.0,42.0,10.0,4.0,4.0,1022.0,182.0,10.0,7.0,12.0,12.0,9.0,12.0,12,28,2,1,0,0
2016-12-29,10236.949999999999,23.0,8.0,14.0,35.0,10.0,4.0,9.0,1022.0,74.0,10.0,18.0,14.0,14.0,17.0,14.0,12,29,3,1,0,0
2016-12-30,10261.550000000001,21.0,10.0,15.0,50.0,10.0,4.0,8.0,1017.0,127.0,10.0,24.0,15.0,14.0,14.0,14.0,12,30,4,1,0,0
2016-12-31,9513.390000000001,16.0,11.0,13.0,77.0,10.0,3.0,6.0,1012.0,212.0,9.0,55.0,13.0,14.0,9.0,14.0,12,31,5,1,1,0
