date,daily_kwh,maxtempC,mintempC,avgtempC,humidity,sunHour,uvIndex,windspeedKmph,pressure,winddirDegree,visibility,cloudcover,HeatIndexC,WindChillC,WindGustKmph,FeelsLikeC,month,month_day,week_day,season,is_weekend,is_holiday
2025-01-01,789.2254,12.0,2.0,7.0,61.0,11.0,3.0,9.0,1024.0,108.0,10.0,3.0,7.0,5.0,13.0,5.0,1,1,2,1,0,1
2025-01-02,504.8255,14.0,5.0,9.0,65.0,11.0,2.0,8.0,1025.0,58.0,10.0,13.0,9.0,7.0,13.0,7.0,1,2,3,1,0,0
2025-01-03,630.4778,12.0,3.0,7.0,60.0,10.0,2.0,10.0,1028.0,75.0,10.0,14.0,7.0,5.0,15.0,5.0,1,3,4,1,0,0
2025-01-04,774.8255,12.0,3.0,7.0,56.0,11.0,3.0,11.0,1027.0,111.0,10.0,35.0,7.0,5.0,16.0,5.0,1,4,5,1,1,0
2025-01-05,654.1051,14.0,6.0,9.0,61.0,9.0,2.0,10.0,1023.0,269.0,10.0,40.0,9.0,8.0,15.0,8.0,1,5,6,1,1,0
2025-01-06,539.0258,12.0,4.0,8.0,45.0,11.0,3.0,13.0,1025.0,226.0,10.0,0.0,8.0,6.0,19.0,6.0,1,6,0,1,0,0
2025-01-07,525.8254,9.0,1.0,5.0,36.0,11.0,2.0,10.0,1028.0,277.0,10.0,19.0,5.0,3.0,14.0,3.0,1,7,1,1,0,0
2025-01-08,523.1976,10.0,2.0,6.0,25.0,11.0,2.0,9.0,1027.0,242.0,10.0,57.0,6.0,4.0,14.0,4.0,1,8,2,1,0,0
2025-01-09,550.4258,6.0,1.0,3.0,39.0,10.0,1.0,17.0,1033.0,273.0,10.0,29.0,3.0,-0.0,24.0,-0.0,1,9,3,1,0,0
2025-01-10,663.3455,6.0,-2.0,2.0,35.0,10.0,1.0,12.0,1037.0,255.0,10.0,23.0,2.0,-2.0,18.0,-2.0,1,10,4,1,0,0
2025-01-11,877.6657,7.0,-1.0,3.0,27.0,4.0,1.0,7.0,1034.0,296.0,10.0,44.0,3.0,1.0,12.0,1.0,1,11,5,1,1,0
2025-01-12,801.2256,11.0,1.0,5.0,34.0,11.0,1.0,11.0,1029.0,241.0,10.0,13.0,5.0,2.0,18.0,2.0,1,12,6,1,1,0
2025-01-13,623.9856,12.0,2.0,6.0,47.0,7.0,2.0,8.0,1028.0,149.0,10.0,42.0,6.0,5.0,14.0,5.0,1,13,0,1,0,0
2025-01-14,614.1576,15.0,6.0,10.0,55.0,8.0,2.0,9.0,1026.0,112.0,10.0,54.0,10.0,9.0,14.0,9.0,1,14,1,1,0,0
2025-01-15,559.9056,7.0,0.0,4.0,36.0,11.0,2.0,16.0,1035.0,259.0,10.0,17.0,4.0,0.0,25.0,0.0,1,15,2,1,0,0
2025-01-16,597.1057,8.0,-2.0,3.0,28.0,9.0,1.0,6.0,1031.0,270.0,10.0,16.0,3.0,1.0,11.0,1.0,1,16,3,1,0,0
2025-01-17,694.0658,10.0,-0.0,4.0,21.0,11.0,2.0,5.0,1029.0,228.0,10.0,10.0,4.0,3.0,10.0,3.0,1,17,4,1,0,0
2025-01-18,805.6653,11.0,2.0,6.0,52.0,11.0,3.0,9.0,1024.0,125.0,10.0,18.0,6.0,4.0,15.0,4.0,1,18,5,1,1,0
2025-01-19,782.8656,15.0,3.0,8.0,47.0,11.0,2.0,7.0,1019.0,222.0,10.0,12.0,8.0,8.0,12.0,8.0,1,19,6,1,1,0
2025-01-20,621.8258,13.0,3.0,8.0,31.0,7.0,2.0,8.0,1020.0,160.0,10.0,35.0,8.0,7.0,13.0,7.0,1,20,0,1,0,0
2025-01-21,610.0778,13.0,2.0,8.0,48.0,9.0,2.0,10.0,1022.0,112.0,10.0,18.0,8.0,6.0,16.0,6.0,1,21,1,1,0,0
2025-01-22,650.1453,15.0,7.0,11.0,68.0,8.0,3.0,18.0,1021.0,132.0,10.0,40.0,11.0,9.0,25.0,9.0,1,22,2,1,0,0
2025-01-23,651.1056,18.0,9.0,12.0,72.0,6.0,3.0,8.0,1020.0,142.0,10.0,69.0,12.0,12.0,15.0,12.0,1,23,3,1,0,0
2025-01-24,684.3456,14.0,9.0,11.0,80.0,1.0,3.0,13.0,1022.0,56.0,10.0,94.0,11.0,10.0,19.0,10.0,1,24,4,1,0,0
2025-01-25,731.1457,11.0,9.0,10.0,61.0,1.0,2.0,15.0,1025.0,39.0,10.0,76.0,10.0,7.0,22.0,7.0,1,25,5,1,1,0
2025-01-26,722.8659,9.0,6.0,7.0,74.0,1.0,2.0,16.0,1027.0,289.0,8.0,94.0,7.0,4.0,22.0,4.0,1,26,6,1,1,0
2025-01-27,589.7854,6.0,1.0,4.0,32.0,11.0,2.0,21.0,1027.0,301.0,10.0,13.0,4.0,-1.0,30.0,-1.0,1,27,0,1,0,0
2025-01-28,326.1574,7.0,-1.0,3.0,25.0,11.0,2.0,15.0,1029.0,292.0,10.0,0.0,3.0,-1.0,23.0,-1.0,1,28,1,1,0,1
2025-01-29,491.7453,9.0,-1.0,4.0,29.0,11.0,2.0,8.0,1029.0,247.0,10.0,1.0,4.0,2.0,13.0,2.0,1,29,2,1,0,1
2025-01-30,639.2373,13.0,2.0,8.0,58.0,11.0,3.0,18.0,1024.0,139.0,10.0,9.0,8.0,5.0,27.0,5.0,1,30,3,1,0,1
2025-01-31,702.9452,14.0,8.0,10.0,85.0,4.0,2.0,11.0,1019.0,230.0,8.0,72.0,10.0,8.0,17.0,8.0,1,31,4,1,0,1
2025-02-01,724.3056,11.0,8.0,9.0,85.0,1.0,2.0,15.0,1020.0,229.0,10.0,100.0,9.0,6.0,25.0,6.0,2,1,5,1,1,0
2025-02-02,744.1054,9.0,5.0,7.0,72.0,3.0,2.0,11.0,1022.0,46.0,9.0,83.0,7.0,6.0,20.0,6.0,2,2,6,1,1,0
2025-02-03,734.0252,9.0,2.0,6.0,51.0,11.0,2.0,15.0,1027.0,269.0,10.0,20.0,6.0,3.0,22.0,3.0,2,3,0,1,0,1
2025-02-04,704.5052,10.0,-1.0,4.0,41.0,10.0,1.0,11.0,1026.0,231.0,10.0,15.0,4.0,3.0,17.0,3.0,2,4,1,1,0,1
2025-02-05,595.3056,11.0,0.0,5.0,38.0,11.0,3.0,14.0,1024.0,229.0,10.0,9.0,5.0,3.0,22.0,3.0,2,5,2,1,0,0
2025-02-06,632.2657,9.0,-1.0,4.0,28.0,11.0,1.0,7.0,1026.0,244.0,10.0,19.0,4.0,3.0,12.0,3.0,2,6,3,1,0,0
2025-02-07,616.1977,4.0,-3.0,1.0,24.0,11.0,2.0,21.0,1031.0,315.0,10.0,12.0,1.0,-4.0,32.0,-4.0,2,7,4,1,0,0
2025-02-08,617.5055,2.0,-4.0,-1.0,20.0,11.0,2.0,16.0,1036.0,280.0,10.0,1.0,-1.0,-6.0,24.0,-6.0,2,8,5,1,1,0
2025-02-09,781.3057,5.0,-3.0,0.0,32.0,11.0,2.0,8.0,1032.0,256.0,10.0,3.0,0.0,-2.0,13.0,-2.0,2,9,6,1,1,0
2025-02-10,552.5852,8.0,-2.0,3.0,52.0,11.0,2.0,11.0,1028.0,115.0,10.0,12.0,3.0,0.0,16.0,0.0,2,10,0,1,0,0
2025-02-11,528.3573,13.0,5.0,9.0,79.0,4.0,2.0,19.0,1022.0,132.0,10.0,61.0,9.0,7.0,31.0,7.0,2,11,1,1,0,0
2025-02-12,578.5055,11.0,6.0,9.0,72.0,2.0,2.0,17.0,1024.0,256.0,10.0,87.0,9.0,7.0,26.0,7.0,2,12,2,1,0,0
2025-02-13,537.1053,10.0,2.0,5.0,43.0,11.0,3.0,10.0,1028.0,46.0,10.0,18.0,5.0,3.0,16.0,3.0,2,13,3,1,0,0
2025-02-14,620.6255,10.0,2.0,7.0,64.0,6.0,2.0,10.0,1023.0,117.0,10.0,57.0,7.0,5.0,17.0,5.0,2,14,4,1,0,0
2025-02-15,761.8655,9.0,6.0,8.0,87.0,1.0,2.0,7.0,1019.0,241.0,10.0,86.0,8.0,7.0,11.0,7.0,2,15,5,1,1,0
2025-02-16,734.3857,15.0,4.0,10.0,64.0,11.0,3.0,12.0,1022.0,251.0,10.0,21.0,10.0,8.0,21.0,8.0,2,16,6,1,1,0
2025-02-17,514.0773,9.0,4.0,7.0,45.0,11.0,2.0,13.0,1030.0,23.0,10.0,44.0,7.0,4.0,18.0,4.0,2,17,0,1,0,0
2025-02-18,543.5856,11.0,2.0,6.0,54.0,10.0,2.0,8.0,1031.0,67.0,10.0,41.0,6.0,4.0,13.0,4.0,2,18,1,1,0,0
2025-02-19,576.5855,12.0,3.0,7.0,57.0,4.0,2.0,13.0,1030.0,94.0,10.0,74.0,7.0,4.0,18.0,4.0,2,19,2,1,0,0
2025-02-20,553.4371,9.0,4.0,6.0,65.0,3.0,2.0,15.0,1031.0,75.0,9.0,89.0,6.0,4.0,21.0,4.0,2,20,3,1,0,0
2025-02-21,574.9054,8.0,4.0,6.0,60.0,2.0,2.0,12.0,1033.0,65.0,10.0,73.0,6.0,3.0,17.0,3.0,2,21,4,1,0,0
2025-02-22,766.0654,10.0,3.0,6.0,58.0,9.0,2.0,11.0,1034.0,81.0,10.0,50.0,6.0,4.0,16.0,4.0,2,22,5,1,1,0
2025-02-23,733.6657,8.0,3.0,6.0,64.0,4.0,2.0,9.0,1036.0,83.0,10.0,75.0,6.0,4.0,14.0,4.0,2,23,6,1,1,0
2025-02-24,544.4254,10.0,0.0,5.0,49.0,11.0,2.0,7.0,1036.0,144.0,10.0,8.0,5.0,3.0,13.0,3.0,2,24,0,1,0,0
2025-02-25,533.0373,8.0,2.0,6.0,64.0,4.0,2.0,9.0,1031.0,189.0,10.0,61.0,6.0,4.0,14.0,4.0,2,25,1,1,0,0
2025-02-26,552.9464,14.0,3.0,8.0,70.0,5.0,2.0,9.0,1028.0,192.0,10.0,38.0,8.0,7.0,14.0,7.0,2,26,2,1,0,0
2025-02-27,516.8257,16.0,8.0,11.0,81.0,7.0,3.0,11.0,1019.0,156.0,9.0,53.0,11.0,9.0,18.0,9.0,2,27,3,1,0,0
2025-02-28,570.4776,17.0,8.0,12.0,84.0,11.0,4.0,12.0,1019.0,123.0,10.0,35.0,12.0,12.0,18.0,12.0,2,28,4,1,0,0
2025-03-01,782.6254,25.0,12.0,18.0,76.0,11.0,4.0,12.0,1013.0,168.0,8.0,34.0,18.0,17.0,22.0,17.0,3,1,5,2,1,0
2025-03-02,744.7058,26.0,13.0,19.0,75.0,11.0,5.0,10.0,1009.0,163.0,10.0,12.0,20.0,19.0,19.0,19.0,3,2,6,2,1,0
2025-03-03,520.9059,17.0,8.0,10.0,81.0,1.0,2.0,17.0,1015.0,330.0,8.0,97.0,10.0,8.0,25.0,8.0,3,3,0,2,0,0
2025-03-04,500.8655,9.0,7.0,8.0,85.0,1.0,2.0,19.0,1018.0,260.0,10.0,100.0,8.0,5.0,33.0,5.0,3,4,1,2,0,0
2025-03-05,542.5176,11.0,6.0,8.0,69.0,1.0,2.0,13.0,1025.0,197.0,10.0,91.0,8.0,6.0,22.0,6.0,3,5,2,2,0,0
2025-03-06,523.5459,12.0,5.0,8.0,59.0,9.0,2.0,15.0,1030.0,126.0,10.0,58.0,8.0,5.0,25.0,5.0,3,6,3,2,0,0
2025-03-07,629.1452,12.0,3.0,7.0,59.0,8.0,2.0,8.0,1028.0,141.0,10.0,53.0,7.0,5.0,14.0,5.0,3,7,4,2,0,0
2025-03-08,934.7855,14.0,3.0,8.0,57.0,11.0,3.0,7.0,1026.0,69.0,10.0,19.0,8.0,7.0,13.0,7.0,3,8,5,2,1,0
2025-03-09,814.6655,14.0,4.0,9.0,68.0,11.0,3.0,12.0,1028.0,103.0,10.0,27.0,9.0,7.0,19.0,7.0,3,9,6,2,1,0
2025-03-10,554.746,15.0,9.0,11.0,82.0,6.0,3.0,8.0,1023.0,138.0,10.0,72.0,11.0,10.0,15.0,10.0,3,10,0,2,0,0
2025-03-11,600.3456,17.0,9.0,13.0,86.0,8.0,3.0,10.0,1019.0,118.0,7.0,65.0,13.0,12.0,16.0,12.0,3,11,1,2,0,0
2025-03-12,544.4375,14.0,11.0,13.0,95.0,1.0,3.0,10.0,1017.0,69.0,5.0,98.0,13.0,12.0,18.0,12.0,3,12,2,2,0,0
2025-03-13,505.4253,11.0,9.0,10.0,82.0,1.0,3.0,12.0,1021.0,58.0,8.0,99.0,10.0,9.0,21.0,9.0,3,13,3,2,0,0
2025-03-14,631.9053,12.0,9.0,10.0,85.0,1.0,3.0,11.0,1021.0,78.0,9.0,100.0,10.0,9.0,19.0,9.0,3,14,4,2,0,0
2025-03-15,884.8656,10.0,8.0,9.0,95.0,1.0,2.0,14.0,1020.0,164.0,6.0,100.0,9.0,7.0,24.0,7.0,3,15,5,2,1,0
2025-03-16,872.7457,10.0,4.0,7.0,62.0,6.0,2.0,17.0,1025.0,218.0,10.0,50.0,7.0,4.0,28.0,4.0,3,16,6,2,1,0
2025-03-17,562.3054,12.0,1.0,7.0,47.0,11.0,2.0,11.0,1025.0,266.0,10.0,13.0,7.0,5.0,18.0,5.0,3,17,0,2,0,0
2025-03-18,540.5973,12.0,4.0,8.0,48.0,12.0,3.0,16.0,1026.0,240.0,10.0,8.0,8.0,5.0,23.0,5.0,3,18,1,2,0,0
2025-03-19,599.5054,13.0,1.0,7.0,48.0,11.0,2.0,7.0,1029.0,203.0,10.0,24.0,7.0,6.0,12.0,6.0,3,19,2,2,0,0
2025-03-20,512.985,19.0,4.0,11.0,59.0,13.0,4.0,11.0,1025.0,197.0,10.0,6.0,11.0,10.0,20.0,10.0,3,20,3,2,0,0
2025-03-21,626.6257,22.0,7.0,15.0,45.0,13.0,4.0,13.0,1021.0,258.0,10.0,2.0,15.0,14.0,21.0,14.0,3,21,4,2,0,0
2025-03-22,841.4257,25.0,9.0,17.0,42.0,13.0,5.0,12.0,1019.0,242.0,10.0,4.0,16.0,16.0,19.0,16.0,3,22,5,2,1,0
2025-03-23,838.6654,26.0,11.0,19.0,45.0,13.0,5.0,11.0,1015.0,244.0,10.0,27.0,19.0,19.0,20.0,19.0,3,23,6,2,1,0
2025-03-24,570.2377,27.0,13.0,19.0,56.0,13.0,5.0,12.0,1011.0,236.0,10.0,15.0,19.0,19.0,19.0,19.0,3,24,0,2,0,0
2025-03-25,577.5454,28.0,13.0,20.0,46.0,13.0,6.0,12.0,1006.0,197.0,10.0,1.0,20.0,20.0,19.0,20.0,3,25,1,2,0,0
2025-03-26,540.7056,30.0,14.0,21.0,59.0,13.0,6.0,13.0,1001.0,162.0,10.0,11.0,21.0,21.0,21.0,21.0,3,26,2,2,0,0
2025-03-27,513.2379,21.0,12.0,17.0,66.0,2.0,4.0,16.0,1006.0,112.0,10.0,80.0,17.0,16.0,26.0,16.0,3,27,3,2,0,0
2025-03-28,650.8651,11.0,7.0,9.0,75.0,1.0,2.0,14.0,1022.0,256.0,8.0,94.0,9.0,6.0,21.0,6.0,3,28,4,2,0,0
2025-03-29,866.0256,11.0,6.0,8.0,68.0,8.0,2.0,11.0,1027.0,214.0,9.0,78.0,8.0,6.0,15.0,6.0,3,29,5,2,1,0
2025-03-30,878.2538,14.0,6.0,9.0,49.0,11.0,2.0,8.0,1030.0,105.0,10.0,41.0,9.0,8.0,11.0,8.0,3,30,6,2,1,0
2025-03-31,556.437,13.0,5.0,8.0,55.0,5.0,2.0,11.0,1027.0,108.0,10.0,64.0,8.0,7.0,15.0,7.0,3,31,0,2,0,0
2025-04-01,554.9858,16.0,6.0,10.0,56.0,13.0,4.0,8.0,1024.0,118.0,10.0,15.0,10.0,10.0,13.0,10.0,4,1,1,2,0,0
2025-04-02,536.1455,22.0,6.0,13.0,50.0,13.0,4.0,11.0,1021.0,158.0,10.0,19.0,13.0,12.0,18.0,12.0,4,2,2,2,0,0
2025-04-03,626.0377,19.0,8.0,12.0,48.0,13.0,4.0,7.0,1023.0,131.0,10.0,15.0,12.0,12.0,13.0,12.0,4,3,3,2,0,0
2025-04-04,960.0935,18.0,8.0,13.0,62.0,10.0,3.0,16.0,1019.0,135.0,10.0,41.0,13.0,11.0,25.0,11.0,4,4,4,2,0,1
2025-04-05,977.6257,24.0,12.0,16.0,58.0,8.0,4.0,13.0,1015.0,189.0,10.0,48.0,17.0,16.0,21.0,16.0,4,5,5,2,1,0
2025-04-06,764.8653,24.0,10.0,15.0,53.0,13.0,5.0,9.0,1019.0,145.0,10.0,6.0,16.0,15.0,17.0,15.0,4,6,6,2,1,0
2025-04-07,569.9854,24.0,12.0,17.0,64.0,11.0,4.0,15.0,1018.0,150.0,10.0,24.0,17.0,17.0,25.0,17.0,4,7,0,2,0,0
2025-04-08,554.7572,29.0,14.0,20.0,53.0,13.0,6.0,10.0,1015.0,160.0,10.0,9.0,20.0,20.0,17.0,20.0,4,8,1,2,0,0
2025-04-09,521.1452,30.0,15.0,22.0,60.0,13.0,6.0,10.0,1010.0,188.0,10.0,13.0,22.0,22.0,20.0,22.0,4,9,2,2,0,0
2025-04-10,515.2656,30.0,15.0,21.0,54.0,12.0,5.0,10.0,1007.0,213.0,10.0,17.0,21.0,21.0,17.0,21.0,4,10,3,2,0,0
2025-04-11,597.7171,26.0,13.0,19.0,72.0,13.0,5.0,12.0,1009.0,119.0,10.0,23.0,19.0,19.0,20.0,19.0,4,11,4,2,0,0
2025-04-12,774.5854,20.0,10.0,16.0,65.0,4.0,4.0,24.0,1006.0,249.0,9.0,69.0,16.0,15.0,42.0,15.0,4,12,5,2,1,0
2025-04-13,810.9454,21.0,9.0,14.0,37.0,13.0,4.0,22.0,1009.0,260.0,10.0,2.0,14.0,13.0,38.0,13.0,4,13,6,2,1,0
2025-04-14,539.026,21.0,14.0,17.0,39.0,13.0,5.0,22.0,1007.0,282.0,10.0,7.0,18.0,17.0,38.0,17.0,4,14,0,2,0,0
2025-04-15,481.4255,25.0,11.0,18.0,41.0,13.0,5.0,13.0,1012.0,268.0,10.0,5.0,18.0,18.0,20.0,18.0,4,15,1,2,0,0
2025-04-16,532.6775,27.0,15.0,21.0,50.0,13.0,6.0,14.0,1009.0,176.0,10.0,31.0,21.0,21.0,24.0,21.0,4,16,2,2,0,0
2025-04-17,544.3055,28.0,17.0,22.0,61.0,13.0,6.0,15.0,1007.0,200.0,10.0,25.0,23.0,22.0,24.0,23.0,4,17,3,2,0,0
2025-04-18,651.4652,27.0,17.0,21.0,71.0,13.0,6.0,14.0,1009.0,161.0,10.0,10.0,22.0,21.0,21.0,21.0,4,18,4,2,0,0
2025-04-19,861.4654,30.0,17.0,22.0,75.0,11.0,5.0,11.0,1007.0,147.0,9.0,46.0,23.0,22.0,20.0,23.0,4,19,5,2,1,0
2025-04-20,839.2656,25.0,14.0,19.0,67.0,13.0,5.0,13.0,1013.0,46.0,10.0,20.0,19.0,19.0,20.0,19.0,4,20,6,2,1,0
2025-04-21,577.9055,23.0,14.0,19.0,84.0,9.0,4.0,17.0,1010.0,134.0,9.0,55.0,19.0,19.0,28.0,19.0,4,21,0,2,0,0
2025-04-22,573.9577,23.0,16.0,19.0,87.0,1.0,4.0,12.0,1008.0,240.0,8.0,85.0,20.0,19.0,23.0,19.0,4,22,1,2,0,0
2025-04-23,541.5454,25.0,14.0,19.0,59.0,12.0,4.0,8.0,1012.0,277.0,10.0,29.0,19.0,19.0,15.0,19.0,4,23,2,2,0,0
2025-04-24,518.2655,27.0,14.0,20.0,60.0,13.0,4.0,10.0,1012.0,156.0,10.0,33.0,20.0,20.0,16.0,20.0,4,24,3,2,0,0
2025-04-25,645.8255,23.0,13.0,17.0,48.0,10.0,4.0,13.0,1018.0,78.0,10.0,54.0,18.0,17.0,19.0,17.0,4,25,4,2,0,0
2025-04-26,832.5456,21.0,11.0,16.0,50.0,13.0,5.0,16.0,1020.0,137.0,10.0,17.0,17.0,16.0,25.0,16.0,4,26,5,2,1,0
2025-04-27,596.3977,23.0,14.0,18.0,70.0,6.0,4.0,11.0,1014.0,159.0,9.0,63.0,18.0,18.0,19.0,18.0,4,27,6,2,1,0
2025-04-28,555.3452,26.0,15.0,20.0,54.0,13.0,5.0,13.0,1014.0,209.0,10.0,10.0,20.0,20.0,20.0,20.0,4,28,0,2,0,0
2025-04-29,531.2254,24.0,13.0,18.0,47.0,11.0,4.0,11.0,1016.0,141.0,10.0,26.0,18.0,18.0,15.0,18.0,4,29,1,2,0,0
2025-04-30,566.7454,26.0,16.0,21.0,60.0,13.0,6.0,15.0,1012.0,154.0,10.0,14.0,21.0,21.0,22.0,21.0,4,30,2,2,0,0
2025-05-01,1008.2258,30.0,17.0,22.0,52.0,12.0,5.0,15.0,1011.0,184.0,10.0,14.0,22.0,22.0,28.0,22.0,5,1,3,2,0,1
2025-05-02,948.8254,27.0,15.0,20.0,54.0,13.0,6.0,17.0,1012.0,147.0,10.0,6.0,21.0,20.0,29.0,20.0,5,2,4,2,0,1
2025-05-03,929.3855,30.0,15.0,22.0,59.0,13.0,6.0,18.0,1010.0,173.0,10.0,18.0,22.0,22.0,30.0,22.0,5,3,5,2,1,0
2025-05-04,864.1055,22.0,14.0,18.0,50.0,13.0,5.0,16.0,1014.0,109.0,10.0,21.0,18.0,18.0,25.0,18.0,5,4,6,2,1,0
2025-05-05,796.9054,23.0,16.0,18.0,90.0,1.0,4.0,13.0,1007.0,218.0,8.0,84.0,19.0,18.0,27.0,18.0,5,5,0,2,0,1
2025-05-06,518.3855,28.0,15.0,21.0,58.0,10.0,5.0,15.0,1008.0,204.0,8.0,47.0,21.0,21.0,23.0,21.0,5,6,1,2,0,0
2025-05-07,542.2655,25.0,15.0,19.0,64.0,13.0,5.0,13.0,1013.0,112.0,10.0,15.0,19.0,19.0,21.0,19.0,5,7,2,2,0,0
2025-05-08,538.4375,23.0,17.0,19.0,82.0,6.0,4.0,26.0,1010.0,131.0,9.0,65.0,19.0,19.0,41.0,19.0,5,8,3,2,0,0
2025-05-09,606.8255,23.0,19.0,21.0,80.0,8.0,5.0,20.0,1005.0,254.0,10.0,53.0,22.0,21.0,35.0,21.0,5,9,4,2,0,0
2025-05-10,783.3456,24.0,17.0,21.0,59.0,13.0,6.0,17.0,1011.0,272.0,10.0,28.0,21.0,21.0,29.0,21.0,5,10,5,2,1,0
2025-05-11,806.6257,26.0,16.0,21.0,49.0,13.0,6.0,12.0,1011.0,273.0,10.0,20.0,21.0,21.0,20.0,21.0,5,11,6,2,1,0
2025-05-12,543.2254,28.0,15.0,22.0,45.0,13.0,6.0,14.0,1011.0,191.0,10.0,0.0,22.0,22.0,23.0,22.0,5,12,0,2,0,0
2025-05-13,556.9055,26.0,18.0,22.0,59.0,13.0,6.0,22.0,1013.0,153.0,10.0,20.0,22.0,22.0,34.0,22.0,5,13,1,2,0,0
2025-05-14,557.5177,30.0,19.0,24.0,71.0,11.0,5.0,13.0,1012.0,154.0,10.0,30.0,25.0,24.0,23.0,25.0,5,14,2,2,0,0
2025-05-15,560.1458,31.0,20.0,24.0,71.0,11.0,5.0,8.0,1011.0,134.0,9.0,50.0,26.0,24.0,16.0,26.0,5,15,3,2,0,0
2025-05-16,625.1855,26.0,21.0,23.0,85.0,5.0,5.0,10.0,1009.0,236.0,9.0,66.0,25.0,23.0,22.0,25.0,5,16,4,2,0,0
2025-05-17,821.2654,32.0,19.0,25.0,67.0,14.0,7.0,8.0,1010.0,184.0,10.0,35.0,26.0,25.0,15.0,26.0,5,17,5,2,1,0
2025-05-18,859.0655,23.0,19.0,21.0,57.0,13.0,5.0,15.0,1012.0,86.0,10.0,45.0,22.0,21.0,22.0,21.0,5,18,6,2,1,0
2025-05-19,513.5855,31.0,19.0,24.0,71.0,14.0,6.0,12.0,1007.0,157.0,9.0,23.0,25.0,24.0,21.0,25.0,5,19,0,2,0,0
2025-05-20,502.1972,27.0,21.0,24.0,87.0,8.0,5.0,10.0,1005.0,165.0,10.0,62.0,26.0,24.0,18.0,26.0,5,20,1,2,0,0
2025-05-21,498.7055,30.0,23.0,26.0,77.0,4.0,6.0,9.0,1005.0,211.0,10.0,64.0,28.0,26.0,16.0,28.0,5,21,2,2,0,0
2025-05-22,522.9456,31.0,21.0,25.0,72.0,14.0,7.0,12.0,1008.0,108.0,10.0,8.0,27.0,25.0,18.0,27.0,5,22,3,2,0,0
2025-05-23,641.0376,21.0,19.0,20.0,91.0,1.0,5.0,17.0,1006.0,73.0,9.0,97.0,20.0,20.0,28.0,20.0,5,23,4,2,0,0
2025-05-24,899.9855,25.0,17.0,20.0,58.0,14.0,6.0,16.0,1013.0,268.0,10.0,39.0,21.0,20.0,25.0,20.0,5,24,5,2,1,0
2025-05-25,846.8129,25.0,18.0,21.0,50.0,7.0,5.0,8.0,1017.0,188.0,10.0,35.0,21.0,21.0,11.0,21.0,5,25,6,2,1,0
2025-05-26,491.0374,25.0,17.0,21.0,60.0,14.0,6.0,13.0,1018.0,133.0,10.0,2.0,21.0,21.0,17.0,21.0,5,26,0,2,0,0
2025-05-27,498.8254,25.0,18.0,21.0,64.0,14.0,6.0,18.0,1017.0,131.0,10.0,19.0,22.0,21.0,23.0,21.0,5,27,1,2,0,0
2025-05-28,534.8258,24.0,18.0,21.0,64.0,13.0,5.0,17.0,1015.0,130.0,10.0,50.0,21.0,21.0,22.0,21.0,5,28,2,2,0,0
2025-05-29,530.6374,27.0,17.0,22.0,55.0,14.0,6.0,10.0,1014.0,124.0,10.0,27.0,22.0,22.0,12.0,22.0,5,29,3,2,0,0
2025-05-30,640.0655,29.0,18.0,23.0,49.0,14.0,6.0,9.0,1013.0,152.0,10.0,13.0,23.0,23.0,12.0,23.0,5,30,4,2,0,0
2025-05-31,862.9055,27.0,19.0,22.0,56.0,8.0,5.0,20.0,1010.0,131.0,10.0,55.0,24.0,22.0,26.0,24.0,5,31,5,2,1,1
2025-06-01,984.2253,21.0,18.0,19.0,93.0,1.0,4.0,21.0,1005.0,122.0,6.0,100.0,19.0,19.0,30.0,19.0,6,1,6,3,1,0
2025-06-02,829.7853,21.0,19.0,20.0,91.0,1.0,4.0,11.0,1001.0,289.0,7.0,99.0,20.0,20.0,16.0,20.0,6,2,0,3,0,1
2025-06-03,522.2253,29.0,18.0,23.0,65.0,12.0,5.0,9.0,1005.0,273.0,10.0,50.0,24.0,23.0,12.0,24.0,6,3,1,3,0,0
2025-06-04,563.2657,33.0,21.0,27.0,55.0,14.0,7.0,10.0,1008.0,208.0,10.0,23.0,28.0,27.0,14.0,28.0,6,4,2,3,0,0
2025-06-05,551.7574,30.0,22.0,26.0,50.0,14.0,7.0,15.0,1010.0,153.0,10.0,19.0,27.0,26.0,22.0,27.0,6,5,3,3,0,0
2025-06-06,569.3855,31.0,22.0,26.0,65.0,14.0,7.0,17.0,1007.0,153.0,10.0,27.0,28.0,26.0,22.0,28.0,6,6,4,3,0,0
2025-06-07,859.7854,30.0,24.0,25.0,83.0,7.0,6.0,8.0,1005.0,111.0,9.0,70.0,28.0,25.0,12.0,28.0,6,7,5,3,1,0
2025-06-08,823.4252,25.0,20.0,22.0,92.0,1.0,5.0,13.0,1005.0,71.0,9.0,98.0,25.0,22.0,18.0,25.0,6,8,6,3,1,0
2025-06-09,503.7457,24.0,21.0,22.0,88.0,1.0,5.0,9.0,1006.0,76.0,10.0,100.0,25.0,22.0,12.0,25.0,6,9,0,3,0,0
2025-06-10,551.1456,28.0,23.0,24.0,85.0,1.0,5.0,6.0,1007.0,119.0,10.0,99.0,27.0,24.0,8.0,27.0,6,10,1,3,0,0
2025-06-11,558.5976,22.0,20.0,21.0,86.0,3.0,5.0,9.0,1012.0,88.0,9.0,81.0,22.0,21.0,13.0,21.0,6,11,2,3,0,0
2025-06-12,590.5057,23.0,20.0,21.0,94.0,1.0,5.0,13.0,1012.0,102.0,10.0,100.0,23.0,21.0,20.0,21.0,6,12,3,3,0,0
2025-06-13,641.3856,30.0,23.0,25.0,89.0,5.0,6.0,14.0,1007.0,131.0,9.0,81.0,28.0,25.0,21.0,28.0,6,13,4,3,0,0
2025-06-14,793.0655,33.0,24.0,28.0,79.0,14.0,6.0,8.0,1002.0,238.0,8.0,49.0,32.0,28.0,12.0,32.0,6,14,5,3,1,0
2025-06-15,787.6654,28.0,24.0,26.0,85.0,7.0,6.0,15.0,1001.0,212.0,9.0,75.0,28.0,26.0,23.0,28.0,6,15,6,3,1,0
2025-06-16,523.3055,31.0,22.0,26.0,69.0,14.0,7.0,16.0,1003.0,200.0,10.0,13.0,28.0,26.0,22.0,28.0,6,16,0,3,0,0
2025-06-17,556.1973,35.0,24.0,29.0,59.0,14.0,7.0,11.0,1006.0,192.0,10.0,2.0,31.0,29.0,17.0,31.0,6,17,1,3,0,0
2025-06-18,586.0653,33.0,24.0,28.0,70.0,14.0,7.0,14.0,1008.0,139.0,10.0,2.0,30.0,28.0,19.0,30.0,6,18,2,3,0,0
2025-06-19,565.7855,32.0,25.0,28.0,72.0,13.0,6.0,12.0,1007.0,169.0,10.0,38.0,31.0,28.0,17.0,31.0,6,19,3,3,0,0
2025-06-20,683.0257,26.0,25.0,26.0,83.0,11.0,6.0,8.0,1006.0,188.0,10.0,67.0,28.0,26.0,14.0,28.0,6,20,4,3,0,0
2025-06-21,925.9055,33.0,24.0,27.0,84.0,9.0,6.0,8.0,1005.0,143.0,10.0,70.0,31.0,27.0,13.0,31.0,6,21,5,3,1,0
2025-06-22,869.9854,23.0,21.0,22.0,93.0,1.0,5.0,10.0,1008.0,63.0,9.0,99.0,24.0,22.0,14.0,22.0,6,22,6,3,1,0
2025-06-23,354.3583,23.0,20.0,22.0,93.0,1.0,5.0,11.0,1006.0,67.0,7.0,100.0,24.0,22.0,16.0,22.0,6,23,0,3,0,0
2025-06-24,617.3076,26.0,20.0,23.0,80.0,2.0,5.0,9.0,1008.0,220.0,9.0,80.0,24.0,23.0,12.0,24.0,6,24,1,3,0,0
2025-06-25,617.3076,28.0,20.0,24.0,74.0,12.0,5.0,7.0,1010.0,144.0,10.0,43.0,26.0,24.0,10.0,26.0,6,25,2,3,0,0
2025-06-26,1851.9227,34.0,24.0,28.0,79.0,9.0,6.0,8.0,1008.0,150.0,9.0,51.0,32.0,28.0,11.0,32.0,6,26,3,3,0,0
2025-06-27,627.3457,36.0,26.0,30.0,75.0,12.0,6.0,7.0,1006.0,167.0,10.0,23.0,35.0,30.0,10.0,35.0,6,27,4,3,0,0
2025-06-28,890.7459,34.0,25.0,29.0,73.0,14.0,6.0,10.0,1004.0,167.0,10.0,23.0,34.0,29.0,14.0,34.0,6,28,5,3,1,0
2025-06-29,838.1856,34.0,25.0,29.0,73.0,15.0,7.0,12.0,1004.0,157.0,10.0,15.0,32.0,29.0,16.0,32.0,6,29,6,3,1,0
2025-06-30,535.2,34.0,26.0,29.0,72.0,15.0,7.0,16.0,1006.0,152.0,10.0,18.0,34.0,29.0,22.0,34.0,6,30,0,3,0,0
2025-07-01,557.748,33.0,27.0,29.0,73.0,15.0,7.0,19.0,1009.0,157.0,10.0,5.0,34.0,29.0,26.0,34.0,7,1,1,3,0,0
2025-07-02,581.748,34.0,27.0,29.0,72.0,13.0,6.0,19.0,1009.0,150.0,10.0,16.0,34.0,29.0,26.0,34.0,7,2,2,3,0,0
2025-07-03,606.228,33.0,26.0,29.0,72.0,15.0,7.0,19.0,1008.0,151.0,10.0,5.0,33.0,29.0,26.0,33.0,7,3,3,3,0,0
2025-07-04,676.188,34.0,26.0,29.0,73.0,15.0,7.0,17.0,1006.0,155.0,10.0,6.0,33.0,29.0,23.0,33.0,7,4,4,3,0,0
2025-07-05,916.428,35.0,26.0,30.0,72.0,15.0,7.0,13.0,1004.0,158.0,10.0,7.0,35.0,30.0,18.0,35.0,7,5,5,3,1,0
2025-07-06,811.068,35.0,26.0,30.0,71.0,13.0,6.0,16.0,1003.0,151.0,10.0,21.0,35.0,30.0,21.0,35.0,7,6,6,3,1,0
2025-07-07,655.788,32.0,26.0,28.0,78.0,9.0,6.0,16.0,1002.0,121.0,9.0,63.0,32.0,28.0,21.0,32.0,7,7,0,3,0,0
2025-07-08,655.56,32.0,26.0,28.0,80.0,10.0,6.0,19.0,1002.0,69.0,10.0,70.0,32.0,28.0,27.0,32.0,7,8,1,3,0,0
2025-07-09,677.748,33.0,26.0,29.0,76.0,12.0,6.0,18.0,1003.0,88.0,10.0,53.0,33.0,29.0,26.0,33.0,7,9,2,3,0,0
2025-07-10,629.628,33.0,26.0,29.0,72.0,12.0,6.0,18.0,1004.0,82.0,10.0,52.0,33.0,29.0,22.0,33.0,7,10,3,3,0,0
2025-07-11,723.588,31.0,25.0,28.0,83.0,10.0,6.0,16.0,1004.0,64.0,10.0,66.0,32.0,28.0,22.0,32.0,7,11,4,3,0,0
2025-07-12,911.868,26.0,25.0,26.0,93.0,1.0,6.0,17.0,1003.0,33.0,9.0,88.0,29.0,26.0,26.0,29.0,7,12,5,3,1,0
2025-07-13,911.268,31.0,24.0,28.0,79.0,8.0,6.0,12.0,1002.0,268.0,9.0,64.0,31.0,28.0,18.0,31.0,7,13,6,3,1,0
2025-07-14,680.028,34.0,25.0,29.0,61.0,12.0,6.0,13.0,1000.0,240.0,10.0,22.0,31.0,29.0,19.0,31.0,7,14,0,3,0,0
2025-07-15,670.668,35.0,23.0,29.0,56.0,13.0,7.0,10.0,1000.0,225.0,10.0,9.0,31.0,29.0,16.0,31.0,7,15,1,3,0,0
2025-07-16,676.068,36.0,27.0,31.0,72.0,13.0,8.0,12.0,1000.0,171.0,10.0,27.0,37.0,31.0,17.0,37.0,7,16,2,3,0,0
2025-07-17,696.588,36.0,27.0,31.0,79.0,8.0,7.0,11.0,1000.0,163.0,9.0,53.0,38.0,31.0,16.0,38.0,7,17,3,3,0,0
2025-07-18,740.868,33.0,26.0,29.0,85.0,8.0,6.0,8.0,1001.0,147.0,8.0,60.0,35.0,29.0,13.0,35.0,7,18,4,3,0,0
2025-07-19,938.748,31.0,26.0,28.0,81.0,12.0,6.0,21.0,1004.0,143.0,10.0,46.0,32.0,28.0,28.0,32.0,7,19,5,3,1,0
2025-07-20,854.508,31.0,26.0,29.0,80.0,12.0,6.0,21.0,1007.0,121.0,10.0,38.0,33.0,29.0,28.0,33.0,7,20,6,3,1,0
2025-07-21,644.028,32.0,27.0,29.0,80.0,7.0,6.0,20.0,1009.0,127.0,9.0,46.0,34.0,29.0,27.0,34.0,7,21,0,3,0,0
2025-07-22,658.908,32.0,26.0,28.0,79.0,12.0,6.0,20.0,1009.0,123.0,10.0,58.0,33.0,28.0,26.0,33.0,7,22,1,3,0,0
2025-07-23,702.588,32.0,26.0,29.0,77.0,11.0,6.0,17.0,1009.0,112.0,10.0,48.0,33.0,29.0,22.0,33.0,7,23,2,3,0,0
2025-07-24,689.4,33.0,26.0,29.0,77.0,8.0,6.0,16.0,1007.0,92.0,9.0,59.0,34.0,29.0,21.0,34.0,7,24,3,3,0,0
2025-07-25,701.388,32.0,26.0,29.0,77.0,11.0,6.0,21.0,1003.0,64.0,10.0,71.0,33.0,29.0,28.0,33.0,7,25,4,3,0,0
2025-07-26,894.108,30.0,26.0,28.0,86.0,1.0,6.0,22.0,1002.0,74.0,10.0,94.0,33.0,28.0,31.0,33.0,7,26,5,3,1,0
2025-07-27,913.776,31.0,26.0,28.0,82.0,5.0,6.0,16.0,1000.0,70.0,7.0,70.0,33.0,28.0,22.0,33.0,7,27,6,3,1,0
2025-07-28,613.68,30.0,26.0,28.0,84.0,9.0,6.0,16.0,997.0,62.0,9.0,70.0,32.0,28.0,24.0,32.0,7,28,0,3,0,0
2025-07-29,565.188,30.0,25.0,27.0,85.0,4.0,6.0,18.0,997.0,62.0,9.0,68.0,30.0,27.0,27.0,30.0,7,29,1,3,0,0
2025-07-30,610.188,27.0,23.0,26.0,96.0,1.0,6.0,25.0,987.0,88.0,8.0,100.0,30.0,26.0,42.0,30.0,7,30,2,3,0,0
2025-07-31,645.828,32.0,23.0,28.0,81.0,8.0,6.0,14.0,995.0,156.0,10.0,76.0,32.0,28.0,23.0,32.0,7,31,3,3,0,0
2025-08-01,655.308,33.0,26.0,29.0,83.0,12.0,6.0,13.0,997.0,126.0,8.0,33.0,36.0,29.0,18.0,36.0,8,1,4,3,0,0
2025-08-02,856.068,33.0,27.0,29.0,82.0,8.0,6.0,8.0,999.0,127.0,8.0,70.0,36.0,29.0,12.0,36.0,8,2,5,3,1,0
2025-08-03,821.868,34.0,26.0,30.0,79.0,8.0,6.0,9.0,998.0,230.0,10.0,63.0,37.0,30.0,15.0,37.0,8,3,6,3,1,0
2025-08-04,601.08,34.0,27.0,29.0,83.0,9.0,6.0,7.0,1001.0,192.0,10.0,44.0,36.0,29.0,11.0,36.0,8,4,0,3,0,0
2025-08-05,539.148,33.0,27.0,30.0,81.0,10.0,6.0,9.0,1002.0,121.0,10.0,33.0,37.0,30.0,12.0,37.0,8,5,1,3,0,0
2025-08-06,612.708,33.0,27.0,29.0,81.0,11.0,6.0,11.0,1002.0,206.0,10.0,43.0,36.0,29.0,17.0,36.0,8,6,2,3,0,0
2025-08-07,631.188,34.0,26.0,30.0,70.0,13.0,8.0,9.0,1005.0,220.0,10.0,18.0,35.0,30.0,15.0,35.0,8,7,3,3,0,0
2025-08-08,652.548,35.0,28.0,31.0,67.0,12.0,7.0,9.0,1005.0,186.0,10.0,23.0,37.0,31.0,14.0,37.0,8,8,4,3,0,0
2025-08-09,919.668,36.0,28.0,32.0,67.0,13.0,7.0,10.0,1004.0,192.0,10.0,32.0,38.0,32.0,14.0,38.0,8,9,5,3,1,0
2025-08-10,866.628,36.0,26.0,30.0,76.0,10.0,7.0,9.0,1002.0,212.0,10.0,47.0,36.0,30.0,13.0,36.0,8,10,6,3,1,0
2025-08-11,628.428,29.0,26.0,27.0,90.0,6.0,6.0,4.0,1004.0,175.0,9.0,72.0,31.0,27.0,7.0,31.0,8,11,0,3,0,0
2025-08-12,600.36,34.0,27.0,30.0,81.0,6.0,6.0,7.0,1005.0,150.0,9.0,61.0,37.0,30.0,10.0,37.0,8,12,1,3,0,0
2025-08-13,607.908,32.0,27.0,29.0,78.0,13.0,7.0,21.0,1009.0,155.0,10.0,9.0,34.0,29.0,29.0,34.0,8,13,2,3,0,0
2025-08-14,577.908,33.0,27.0,29.0,75.0,13.0,7.0,20.0,1013.0,146.0,10.0,10.0,34.0,29.0,26.0,34.0,8,14,3,3,0,0
2025-08-15,660.828,33.0,27.0,29.0,73.0,13.0,7.0,18.0,1013.0,141.0,10.0,5.0,33.0,29.0,24.0,33.0,8,15,4,3,0,0
2025-08-16,907.668,32.0,26.0,29.0,74.0,13.0,7.0,17.0,1012.0,140.0,10.0,4.0,33.0,29.0,23.0,33.0,8,16,5,3,1,0
2025-08-17,824.028,33.0,27.0,29.0,71.0,13.0,7.0,17.0,1012.0,141.0,10.0,6.0,34.0,29.0,23.0,34.0,8,17,6,3,1,0
2025-08-18,597.708,33.0,27.0,30.0,71.0,13.0,7.0,18.0,1012.0,141.0,10.0,15.0,34.0,30.0,24.0,34.0,8,18,0,3,0,0
2025-08-19,625.08,34.0,27.0,30.0,70.0,13.0,7.0,17.0,1009.0,145.0,10.0,6.0,34.0,30.0,23.0,34.0,8,19,1,3,0,0
2025-08-20,618.108,35.0,27.0,30.0,71.0,13.0,7.0,13.0,1007.0,141.0,10.0,14.0,36.0,30.0,18.0,36.0,8,20,2,3,0,0
2025-08-21,618.228,36.0,27.0,31.0,72.0,12.0,7.0,10.0,1008.0,152.0,10.0,12.0,37.0,31.0,14.0,37.0,8,21,3,3,0,0
2025-08-22,695.148,36.0,27.0,31.0,71.0,12.0,7.0,10.0,1007.0,164.0,10.0,9.0,37.0,31.0,14.0,37.0,8,22,4,3,0,0
2025-08-23,847.908,36.0,27.0,31.0,66.0,12.0,7.0,11.0,1008.0,179.0,10.0,14.0,36.0,31.0,15.0,36.0,8,23,5,3,1,0
2025-08-24,868.428,37.0,28.0,32.0,68.0,13.0,7.0,12.0,1009.0,171.0,10.0,15.0,37.0,32.0,17.0,37.0,8,24,6,3,1,0
2025-08-25,573.228,36.0,28.0,31.0,70.0,11.0,7.0,12.0,1009.0,164.0,10.0,19.0,37.0,31.0,17.0,37.0,8,25,0,3,0,0
2025-08-26,604.908,35.0,26.0,30.0,71.0,13.0,7.0,7.0,1010.0,172.0,10.0,7.0,34.0,30.0,11.0,34.0,8,26,1,3,0,0
2025-08-27,616.2,33.0,27.0,30.0,71.0,13.0,7.0,16.0,1009.0,142.0,10.0,4.0,34.0,30.0,22.0,34.0,8,27,2,3,0,0
2025-08-28,590.268,34.0,27.0,30.0,68.0,13.0,7.0,18.0,1010.0,151.0,10.0,1.0,34.0,30.0,25.0,34.0,8,28,3,3,0,0
2025-08-29,690.708,34.0,27.0,30.0,68.0,10.0,6.0,18.0,1012.0,147.0,10.0,19.0,34.0,30.0,25.0,34.0,8,29,4,3,0,0
2025-08-30,852.108,34.0,28.0,30.0,69.0,13.0,8.0,19.0,1011.0,144.0,10.0,8.0,35.0,30.0,25.0,35.0,8,30,5,3,1,0
2025-08-31,800.748,36.0,27.0,31.0,65.0,13.0,7.0,11.0,1008.0,225.0,10.0,19.0,35.0,31.0,16.0,35.0,8,31,6,3,1,0
2025-09-01,538.428,34.0,25.0,28.0,77.0,8.0,6.0,7.0,1007.0,223.0,10.0,46.0,33.0,28.0,11.0,33.0,9,1,0,4,0,0
2025-09-02,535.44,33.0,26.0,29.0,75.0,12.0,6.0,10.0,1008.0,124.0,10.0,40.0,33.0,29.0,14.0,33.0,9,2,1,4,0,0
2025-09-03,548.748,34.0,26.0,29.0,74.0,9.0,6.0,11.0,1007.0,151.0,10.0,30.0,33.0,29.0,16.0,33.0,9,3,2,4,0,0
2025-09-04,562.428,34.0,27.0,29.0,72.0,8.0,6.0,10.0,1007.0,131.0,10.0,25.0,34.0,29.0,15.0,34.0,9,4,3,4,0,0
2025-09-05,599.388,34.0,27.0,30.0,73.0,13.0,6.0,13.0,1008.0,140.0,10.0,17.0,34.0,30.0,19.0,34.0,9,5,4,4,0,0
2025-09-06,780.108,35.0,27.0,30.0,70.0,13.0,8.0,12.0,1008.0,162.0,10.0,8.0,35.0,30.0,18.0,35.0,9,6,5,4,1,0
2025-09-07,774.948,37.0,27.0,30.0,76.0,10.0,7.0,6.0,1008.0,159.0,10.0,23.0,36.0,30.0,9.0,36.0,9,7,6,4,1,0
2025-09-08,478.92,36.0,27.0,30.0,76.0,11.0,7.0,9.0,1008.0,188.0,10.0,34.0,36.0,30.0,13.0,36.0,9,8,0,4,0,0
2025-09-09,512.868,31.0,25.0,27.0,90.0,1.0,6.0,9.0,1010.0,167.0,8.0,76.0,31.0,27.0,14.0,31.0,9,9,1,4,0,0
2025-09-10,483.48,30.0,23.0,26.0,82.0,5.0,6.0,10.0,1011.0,128.0,7.0,67.0,29.0,26.0,15.0,29.0,9,10,2,4,0,0
2025-09-11,511.668,29.0,24.0,26.0,80.0,8.0,6.0,6.0,1011.0,73.0,10.0,59.0,28.0,26.0,10.0,28.0,9,11,3,4,0,0
2025-09-12,598.908,34.0,25.0,29.0,78.0,11.0,6.0,10.0,1008.0,198.0,9.0,40.0,33.0,29.0,15.0,33.0,9,12,4,4,0,0
2025-09-13,837.588,31.0,25.0,27.0,83.0,2.0,6.0,8.0,1009.0,222.0,9.0,78.0,32.0,27.0,11.0,32.0,9,13,5,4,1,0
2025-09-14,764.868,33.0,25.0,28.0,85.0,12.0,6.0,6.0,1010.0,207.0,8.0,52.0,33.0,28.0,10.0,33.0,9,14,6,4,1,0
2025-09-15,508.308,34.0,25.0,29.0,82.0,12.0,6.0,6.0,1012.0,121.0,8.0,24.0,34.0,29.0,10.0,34.0,9,15,0,4,0,0
2025-09-16,497.04,34.0,27.0,30.0,72.0,12.0,7.0,11.0,1011.0,173.0,10.0,6.0,35.0,30.0,16.0,35.0,9,16,1,4,0,0
2025-09-17,498.108,35.0,26.0,29.0,74.0,10.0,6.0,10.0,1011.0,152.0,10.0,38.0,34.0,29.0,15.0,34.0,9,17,2,4,0,0
2025-09-18,478.32,27.0,24.0,25.0,81.0,1.0,6.0,13.0,1015.0,42.0,9.0,78.0,28.0,25.0,19.0,28.0,9,18,3,4,0,0
2025-09-19,577.068,30.0,24.0,27.0,75.0,7.0,6.0,14.0,1013.0,116.0,10.0,59.0,30.0,27.0,19.0,30.0,9,19,4,4,0,0
2025-09-20,750.588,27.0,22.0,24.0,84.0,1.0,5.0,15.0,1013.0,141.0,10.0,88.0,26.0,24.0,22.0,26.0,9,20,5,4,1,0
2025-09-21,725.748,28.0,22.0,25.0,62.0,9.0,5.0,14.0,1015.0,30.0,10.0,54.0,26.0,25.0,19.0,26.0,9,21,6,4,1,0
2025-09-22,518.748,30.0,22.0,25.0,75.0,3.0,6.0,12.0,1014.0,77.0,10.0,69.0,27.0,25.0,18.0,27.0,9,22,0,4,0,0
2025-09-23,382.68,30.0,24.0,27.0,78.0,4.0,6.0,13.0,1013.0,91.0,10.0,58.0,30.0,27.0,17.0,30.0,9,23,1,4,0,0
2025-09-24,19.44,28.0,26.0,27.0,84.0,6.0,6.0,13.0,1011.0,141.0,10.0,55.0,31.0,27.0,21.0,31.0,9,24,2,4,0,0
2025-09-25,556.668,32.0,25.0,28.0,77.0,11.0,6.0,7.0,1015.0,164.0,10.0,39.0,32.0,28.0,10.0,32.0,9,25,3,4,0,0
2025-09-26,572.508,32.0,25.0,28.0,79.0,12.0,6.0,12.0,1017.0,136.0,9.0,18.0,32.0,28.0,16.0,32.0,9,26,4,4,0,0
2025-09-27,697.548,32.0,25.0,28.0,79.0,7.0,6.0,11.0,1015.0,130.0,9.0,37.0,32.0,28.0,15.0,32.0,9,27,5,4,1,0
2025-09-28,541.56,34.0,25.0,29.0,75.0,8.0,6.0,8.0,1012.0,151.0,10.0,55.0,33.0,29.0,12.0,33.0,9,28,6,4,1,0
2025-09-29,512.148,29.0,24.0,25.0,86.0,4.0,6.0,9.0,1013.0,81.0,9.0,81.0,28.0,25.0,13.0,28.0,9,29,0,4,0,0
2025-09-30,581.028,25.0,22.0,23.0,91.0,1.0,5.0,7.0,1014.0,82.0,10.0,95.0,25.0,23.0,10.0,25.0,9,30,1,4,0,0
2025-10-01,864.708,29.0,22.0,25.0,78.0,4.0,5.0,7.0,1014.0,82.0,10.0,66.0,27.0,25.0,10.0,27.0,10,1,2,4,0,1
2025-10-02,883.788,31.0,25.0,27.0,78.0,11.0,6.0,17.0,1012.0,143.0,10.0,64.0,31.0,27.0,24.0,31.0,10,2,3,4,0,1
2025-10-03,819.228,28.0,23.0,26.0,86.0,6.0,6.0,9.0,1013.0,267.0,9.0,63.0,29.0,26.0,13.0,29.0,10,3,4,4,0,1
2025-10-04,751.548,29.0,22.0,25.0,82.0,4.0,5.0,6.0,1015.0,147.0,10.0,74.0,27.0,25.0,9.0,27.0,10,4,5,4,1,0
2025-10-05,786.708,30.0,24.0,27.0,83.0,3.0,6.0,8.0,1014.0,101.0,9.0,74.0,30.0,27.0,13.0,30.0,10,5,6,4,1,0
2025-10-06,684.348,34.0,25.0,29.0,77.0,11.0,6.0,7.0,1013.0,129.0,10.0,30.0,33.0,29.0,11.0,33.0,10,6,0,4,0,1
2025-10-07,761.508,31.0,24.0,28.0,78.0,5.0,6.0,10.0,1016.0,65.0,10.0,49.0,31.0,28.0,14.0,31.0,10,7,1,4,0,1
2025-10-08,680.028,26.0,23.0,24.0,74.0,3.0,5.0,10.0,1017.0,33.0,10.0,73.0,26.0,24.0,14.0,26.0,10,8,2,4,0,1
2025-10-09,469.32,30.0,22.0,25.0,73.0,12.0,6.0,8.0,1015.0,75.0,10.0,29.0,27.0,25.0,11.0,27.0,10,9,3,4,0,0
2025-10-10,516.708,30.0,24.0,26.0,72.0,12.0,7.0,12.0,1014.0,97.0,10.0,22.0,28.0,26.0,17.0,28.0,10,10,4,4,0,0
2025-10-11,623.748,32.0,24.0,27.0,73.0,12.0,7.0,9.0,1012.0,133.0,10.0,9.0,30.0,27.0,13.0,30.0,10,11,5,4,1,0
2025-10-12,743.388,31.0,24.0,27.0,80.0,6.0,6.0,10.0,1012.0,111.0,10.0,44.0,30.0,27.0,13.0,30.0,10,12,6,4,1,0
2025-10-13,527.28,33.0,24.0,27.0,77.0,8.0,6.0,9.0,1013.0,255.0,10.0,49.0,30.0,27.0,13.0,30.0,10,13,0,4,0,0
2025-10-14,524.508,26.0,23.0,24.0,76.0,1.0,5.0,11.0,1016.0,224.0,10.0,97.0,26.0,24.0,15.0,26.0,10,14,1,4,0,0
2025-10-15,518.388,30.0,24.0,26.0,76.0,2.0,6.0,8.0,1015.0,125.0,9.0,83.0,28.0,26.0,11.0,28.0,10,15,2,4,0,0
2025-10-16,526.32,25.0,23.0,24.0,91.0,1.0,5.0,12.0,1017.0,212.0,9.0,93.0,26.0,24.0,17.0,26.0,10,16,3,4,0,0
2025-10-17,617.268,29.0,23.0,26.0,80.0,11.0,6.0,10.0,1017.0,119.0,9.0,50.0,28.0,26.0,14.0,28.0,10,17,4,4,0,0
2025-10-18,787.428,24.0,20.0,21.0,91.0,1.0,5.0,18.0,1019.0,36.0,9.0,100.0,23.0,21.0,27.0,21.0,10,18,5,4,1,0
2025-10-19,790.788,22.0,17.0,20.0,68.0,2.0,4.0,18.0,1023.0,12.0,10.0,93.0,20.0,20.0,24.0,20.0,10,19,6,4,1,0
2025-10-20,562.308,20.0,18.0,19.0,61.0,5.0,4.0,23.0,1026.0,19.0,10.0,87.0,19.0,19.0,31.0,19.0,10,20,0,4,0,0
2025-10-21,596.88,19.0,17.0,17.0,64.0,1.0,4.0,21.0,1027.0,12.0,10.0,98.0,17.0,17.0,30.0,17.0,10,21,1,4,0,0
2025-10-22,702.108,20.0,17.0,18.0,56.0,5.0,4.0,20.0,1027.0,14.0,10.0,81.0,18.0,18.0,27.0,18.0,10,22,2,4,0,0
2025-10-23,500.508,22.0,16.0,18.0,57.0,8.0,4.0,18.0,1026.0,99.0,10.0,44.0,19.0,18.0,25.0,18.0,10,23,3,4,0,0
2025-10-24,585.948,22.0,17.0,19.0,55.0,11.0,5.0,17.0,1025.0,20.0,10.0,33.0,20.0,19.0,23.0,19.0,10,24,4,4,0,0
2025-10-25,819.588,22.0,17.0,19.0,60.0,7.0,4.0,15.0,1022.0,32.0,10.0,62.0,20.0,19.0,20.0,19.0,10,25,5,4,1,0
2025-10-26,772.548,21.0,16.0,18.0,61.0,5.0,4.0,12.0,1022.0,206.0,10.0,62.0,18.0,18.0,17.0,18.0,10,26,6,4,1,0
2025-10-27,540.84,21.0,14.0,17.0,56.0,6.0,4.0,14.0,1025.0,134.0,10.0,67.0,17.0,17.0,18.0,17.0,10,27,0,4,0,0
2025-10-28,525.108,21.0,14.0,17.0,52.0,11.0,5.0,11.0,1026.0,69.0,10.0,20.0,17.0,17.0,15.0,17.0,10,28,1,4,0,0
2025-10-29,508.188,22.0,15.0,18.0,59.0,10.0,4.0,12.0,1024.0,98.0,10.0,21.0,19.0,18.0,18.0,18.0,10,29,2,4,0,0
2025-10-30,557.028,24.0,18.0,20.0,62.0,6.0,5.0,12.0,1022.0,108.0,9.0,74.0,21.0,20.0,17.0,20.0,10,30,3,4,0,0
2025-10-31,591.12,20.0,16.0,18.0,77.0,7.0,4.0,11.0,1020.0,246.0,10.0,75.0,18.0,18.0,15.0,18.0,10,31,4,4,0,0
2025-11-01,775.188,21.0,16.0,18.0,59.0,5.0,4.0,9.0,1020.0,297.0,10.0,63.0,18.0,18.0,13.0,18.0,11,1,5,4,1,0
2025-11-02,688.908,22.0,15.0,18.0,52.0,10.0,4.0,13.0,1024.0,155.0,10.0,44.0,19.0,18.0,18.0,18.0,11,2,6,4,1,0
2025-11-03,562.068,19.0,14.0,16.0,52.0,11.0,5.0,11.0,1028.0,46.0,10.0,21.0,16.0,16.0,15.0,16.0,11,3,0,4,0,0
2025-11-04,564.468,20.0,15.0,17.0,58.0,11.0,4.0,9.0,1025.0,60.0,10.0,32.0,17.0,17.0,12.0,17.0,11,4,1,4,0,0
2025-11-05,553.92,23.0,15.0,18.0,68.0,9.0,4.0,11.0,1021.0,53.0,10.0,29.0,19.0,18.0,16.0,18.0,11,5,2,4,0,0
2025-11-06,514.548,22.0,16.0,19.0,70.0,4.0,4.0,11.0,1021.0,63.0,10.0,66.0,19.0,19.0,16.0,19.0,11,6,3,4,0,0
2025-11-07,559.188,19.0,17.0,18.0,81.0,1.0,4.0,9.0,1021.0,104.0,8.0,98.0,18.0,18.0,12.0,18.0,11,7,4,4,0,0
2025-11-08,721.908,19.0,18.0,19.0,88.0,1.0,4.0,8.0,1018.0,216.0,10.0,100.0,19.0,19.0,11.0,19.0,11,8,5,4,1,0
2025-11-09,667.56,19.0,17.0,18.0,81.0,1.0,4.0,14.0,1019.0,148.0,10.0,93.0,18.0,18.0,19.0,18.0,11,9,6,4,1,0
2025-11-10,501.948,19.0,15.0,17.0,53.0,10.0,4.0,15.0,1021.0,39.0,10.0,31.0,17.0,17.0,20.0,17.0,11,10,0,4,0,0
2025-11-11,524.508,18.0,16.0,16.0,56.0,10.0,4.0,14.0,1021.0,53.0,10.0,40.0,16.0,16.0,19.0,16.0,11,11,1,4,0,0
2025-11-12,526.56,19.0,16.0,17.0,64.0,6.0,4.0,13.0,1021.0,47.0,10.0,66.0,17.0,17.0,18.0,17.0,11,12,2,4,0,0
2025-11-13,526.788,21.0,16.0,18.0,62.0,10.0,4.0,13.0,1021.0,44.0,10.0,31.0,18.0,18.0,17.0,18.0,11,13,3,4,0,0
2025-11-14,572.988,20.0,14.0,17.0,57.0,10.0,5.0,10.0,1023.0,132.0,10.0,4.0,17.0,17.0,14.0,17.0,11,14,4,4,0,0
2025-11-15,689.028,21.0,14.0,17.0,57.0,10.0,5.0,9.0,1025.0,103.0,10.0,9.0,17.0,17.0,13.0,17.0,11,15,5,4,1,0
2025-11-16,668.52,23.0,16.0,19.0,67.0,10.0,5.0,8.0,1025.0,118.0,10.0,16.0,19.0,19.0,12.0,19.0,11,16,6,4,1,0
2025-11-17,503.268,18.0,9.0,14.0,67.0,1.0,3.0,21.0,1030.0,144.0,10.0,93.0,14.0,12.0,27.0,12.0,11,17,0,4,0,0
2025-11-18,472.668,10.0,6.0,8.0,29.0,10.0,3.0,20.0,1033.0,323.0,10.0,13.0,8.0,5.0,25.0,5.0,11,18,1,4,0,0
2025-11-19,509.04,12.0,6.0,9.0,30.0,10.0,3.0,13.0,1031.0,315.0,10.0,0.0,9.0,7.0,17.0,7.0,11,19,2,4,0,0
2025-11-20,507.348,15.0,8.0,11.0,31.0,10.0,4.0,5.0,1029.0,276.0,10.0,5.0,11.0,11.0,7.0,11.0,11,20,3,4,0,0
2025-11-21,556.668,17.0,9.0,13.0,35.0,10.0,4.0,6.0,1029.0,287.0,10.0,2.0,13.0,13.0,8.0,13.0,11,21,4,4,0,0
2025-11-22,706.188,18.0,11.0,14.0,50.0,10.0,4.0,6.0,1027.0,111.0,10.0,2.0,14.0,14.0,9.0,14.0,11,22,5,4,1,0
2025-11-23,665.4,19.0,12.0,15.0,52.0,10.0,5.0,7.0,1023.0,185.0,10.0,6.0,15.0,15.0,11.0,15.0,11,23,6,4,1,0
2025-11-24,546.828,20.0,13.0,16.0,39.0,10.0,5.0,13.0,1022.0,280.0,10.0,27.0,16.0,16.0,19.0,16.0,11,24,0,4,0,0
2025-11-25,487.308,14.0,10.0,12.0,25.0,10.0,4.0,19.0,1025.0,300.0,10.0,0.0,12.0,10.0,24.0,10.0,11,25,1,4,0,0
2025-11-26,512.16,15.0,8.0,11.0,32.0,10.0,4.0,6.0,1026.0,122.0,10.0,0.0,11.0,11.0,9.0,11.0,11,26,2,4,0,0
2025-11-27,484.908,13.0,9.0,11.0,24.0,10.0,4.0,19.0,1026.0,296.0,10.0,2.0,11.0,9.0,26.0,9.0,11,27,3,4,0,0
2025-11-28,538.548,15.0,7.0,10.0,28.0,10.0,4.0,8.0,1022.0,203.0,10.0,0.0,10.0,10.0,12.0,10.0,11,28,4,4,0,0
2025-11-29,682.788,19.0,10.0,14.0,48.0,10.0,4.0,9.0,1017.0,161.0,10.0,0.0,14.0,14.0,15.0,14.0,11,29,5,4,1,0
2025-11-30,667.2,22.0,12.0,16.0,48.0,10.0,5.0,4.0,1017.0,167.0,10.0,18.0,16.0,16.0,8.0,16.0,11,30,6,4,1,0
2025-12-01,512.748,17.0,13.0,15.0,54.0,10.0,4.0,13.0,1020.0,94.0,10.0,26.0,15.0,14.0,18.0,14.0,12,1,0,1,0,0
2025-12-02,518.508,16.0,12.0,14.0,64.0,1.0,3.0,15.0,1022.0,38.0,10.0,75.0,14.0,12.0,20.0,12.0,12,2,1,1,0,0
2025-12-03,573.6,12.0,7.0,10.0,41.0,10.0,3.0,16.0,1030.0,209.0,10.0,22.0,10.0,8.0,21.0,8.0,12,3,2,1,0,0
2025-12-04,486.228,12.0,5.0,8.0,33.0,10.0,3.0,5.0,1029.0,76.0,10.0,8.0,8.0,8.0,7.0,8.0,12,4,3,1,0,0
2025-12-05,551.988,13.0,7.0,10.0,46.0,10.0,3.0,8.0,1028.0,62.0,10.0,5.0,10.0,9.0,11.0,9.0,12,5,4,1,0,0
2025-12-06,657.228,18.0,9.0,13.0,47.0,10.0,4.0,7.0,1023.0,222.0,10.0,3.0,13.0,13.0,10.0,13.0,12,6,5,1,1,0
2025-12-07,675.108,19.0,11.0,14.0,59.0,10.0,4.0,5.0,1024.0,145.0,10.0,1.0,14.0,14.0,8.0,14.0,12,7,6,1,1,0
2025-12-08,521.76,15.0,10.0,13.0,52.0,10.0,4.0,15.0,1028.0,32.0,10.0,15.0,13.0,11.0,20.0,11.0,12,8,0,1,0,0
2025-12-09,487.428,16.0,10.0,12.0,53.0,10.0,4.0,11.0,1027.0,84.0,10.0,4.0,12.0,12.0,15.0,12.0,12,9,1,1,0,0
2025-12-10,511.08,19.0,12.0,16.0,68.0,9.0,4.0,11.0,1022.0,152.0,10.0,60.0,16.0,15.0,17.0,15.0,12,10,2,1,0,0
2025-12-11,510.108,18.0,12.0,15.0,52.0,10.0,3.0,16.0,1023.0,188.0,10.0,35.0,15.0,14.0,21.0,14.0,12,11,3,1,0,0
2025-12-12,569.628,13.0,11.0,12.0,54.0,8.0,3.0,14.0,1027.0,57.0,10.0,68.0,12.0,10.0,19.0,10.0,12,12,4,1,0,0
2025-12-13,731.508,12.0,6.0,10.0,56.0,1.0,2.0,18.0,1026.0,227.0,10.0,67.0,10.0,7.0,24.0,7.0,12,13,5,1,1,0
2025-12-14,718.428,10.0,4.0,7.0,37.0,10.0,3.0,15.0,1028.0,301.0,10.0,0.0,7.0,4.0,20.0,4.0,12,14,6,1,1,0
2025-12-15,493.92,13.0,5.0,9.0,46.0,10.0,3.0,13.0,1025.0,148.0,10.0,3.0,9.0,8.0,18.0,8.0,12,15,0,1,0,0
2025-12-16,518.148,17.0,8.0,12.0,41.0,10.0,4.0,7.0,1022.0,194.0,10.0,13.0,12.0,12.0,10.0,12.0,12,16,1,1,0,0
2025-12-17,514.188,15.0,9.0,12.0,44.0,10.0,4.0,12.0,1026.0,221.0,10.0,11.0,12.0,11.0,16.0,11.0,12,17,2,1,0,0
2025-12-18,521.88,14.0,7.0,11.0,63.0,10.0,4.0,12.0,1025.0,110.0,10.0,0.0,11.0,10.0,16.0,10.0,12,18,3,1,0,0
2025-12-19,553.668,20.0,12.0,15.0,71.0,10.0,5.0,12.0,1018.0,158.0,10.0,14.0,15.0,15.0,19.0,15.0,12,19,4,1,0,0
2025-12-20,728.748,21.0,12.0,16.0,69.0,9.0,4.0,13.0,1020.0,286.0,10.0,47.0,16.0,15.0,18.0,15.0,12,20,5,1,1,0
2025-12-21,667.428,11.0,7.0,9.0,52.0,6.0,2.0,18.0,1030.0,58.0,10.0,50.0,9.0,6.0,23.0,6.0,12,21,6,1,1,0
2025-12-22,502.56,13.0,7.0,10.0,57.0,8.0,3.0,11.0,1026.0,83.0,10.0,35.0,10.0,9.0,15.0,9.0,12,22,0,1,0,0
2025-12-23,553.668,18.0,11.0,13.0,67.0,8.0,3.0,17.0,1020.0,227.0,10.0,54.0,13.0,12.0,24.0,12.0,12,23,1,1,0,0
2025-12-24,809.508,11.0,8.0,10.0,63.0,1.0,2.0,15.0,1022.0,341.0,10.0,96.0,10.0,7.0,19.0,7.0,12,24,2,1,0,0
2025-12-25,714.588,9.0,4.0,7.0,47.0,10.0,3.0,18.0,1028.0,312.0,10.0,23.0,7.0,4.0,23.0,4.0,12,25,3,1,0,0
2025-12-26,575.148,9.0,3.0,6.0,47.0,10.0,2.0,9.0,1028.0,170.0,10.0,17.0,6.0,4.0,12.0,4.0,12,26,4,1,0,0
2025-12-27,730.068,11.0,5.0,8.0,49.0,10.0,3.0,7.0,1025.0,161.0,10.0,4.0,8.0,7.0,10.0,7.0,12,27,5,1,1,0
2025-12-28,670.068,13.0,6.0,9.0,41.0,6.0,2.0,7.0,1023.0,209.0,10.0,34.0,9.0,8.0,10.0,8.0,12,28,6,1,1,0
2025-12-29,512.04,17.0,8.0,12.0,57.0,8.0,3.0,5.0,1020.0,172.0,10.0,35.0,12.0,11.0,9.0,11.0,12,29,0,1,0,0
2025-12-30,504.108,14.0,9.0,11.0,64.0,10.0,3.0,14.0,1022.0,38.0,10.0,41.0,11.0,10.0,19.0,10.0,12,30,1,1,0,0
2025-12-31,546.348,11.0,7.0,9.0,54.0,4.0,2.0,19.0,1026.0,44.0,10.0,69.0,9.0,7.0,24.0,7.0,12,31,2,1,0,0
2026-01-01,854.988,8.0,4.0,6.0,56.0,1.0,2.0,16.0,1028.0,131.0,10.0,80.0,6.0,3.0,21.0,3.0,1,1,3,1,0,1
2026-01-02,756.948,6.0,1.0,4.0,41.0,11.0,2.0,16.0,1033.0,323.0,10.0,0.0,4.0,-0.0,20.0,-0.0,1,2,4,1,0,1
2026-01-03,687.36,8.0,1.0,4.0,37.0,11.0,2.0,5.0,1031.0,233.0,10.0,0.0,4.0,3.0,8.0,3.0,1,3,5,1,1,0
2026-01-04,534.468,12.0,4.0,8.0,53.0,8.0,2.0,9.0,1026.0,197.0,10.0,54.0,8.0,6.0,13.0,6.0,1,4,6,1,1,0
2026-01-05,486.948,10.0,4.0,7.0,60.0,10.0,2.0,13.0,1027.0,268.0,9.0,56.0,7.0,4.0,17.0,4.0,1,5,0,1,0,0
2026-01-06,501.84,10.0,4.0,7.0,49.0,9.0,2.0,13.0,1027.0,302.0,10.0,24.0,7.0,4.0,18.0,4.0,1,6,1,1,0,0
2026-01-07,508.908,11.0,3.0,7.0,36.0,11.0,3.0,12.0,1028.0,287.0,10.0,2.0,7.0,4.0,17.0,4.0,1,7,2,1,0,0
2026-01-08,526.548,9.0,4.0,6.0,44.0,11.0,3.0,9.0,1030.0,232.0,10.0,3.0,6.0,4.0,13.0,4.0,1,8,3,1,0,0
2026-01-09,580.56,11.0,3.0,7.0,48.0,11.0,2.0,9.0,1025.0,172.0,10.0,16.0,7.0,5.0,13.0,5.0,1,9,4,1,0,0
2026-01-10,695.868,12.0,6.0,8.0,30.0,11.0,3.0,16.0,1026.0,302.0,10.0,12.0,8.0,6.0,23.0,6.0,1,10,5,1,1,0
2026-01-11,756.708,7.0,2.0,4.0,16.0,11.0,2.0,14.0,1031.0,254.0,10.0,0.0,4.0,1.0,19.0,1.0,1,11,6,1,1,0
2026-01-12,500.268,13.0,2.0,7.0,38.0,6.0,2.0,11.0,1022.0,184.0,10.0,33.0,7.0,5.0,17.0,5.0,1,12,0,1,0,0
2026-01-13,530.508,15.0,7.0,10.0,46.0,11.0,4.0,10.0,1021.0,230.0,10.0,0.0,10.0,9.0,16.0,9.0,1,13,1,1,0,0
2026-01-14,528.36,17.0,8.0,12.0,59.0,9.0,3.0,12.0,1019.0,155.0,10.0,18.0,12.0,10.0,20.0,10.0,1,14,2,1,0,0
2026-01-15,549.348,19.0,10.0,13.0,45.0,11.0,4.0,8.0,1018.0,217.0,10.0,1.0,13.0,13.0,14.0,13.0,1,15,3,1,0,0
2026-01-16,607.428,18.0,9.0,13.0,55.0,11.0,4.0,10.0,1017.0,122.0,10.0,2.0,13.0,13.0,16.0,13.0,1,16,4,1,0,0
2026-01-17,798.468,15.0,10.0,12.0,72.0,7.0,3.0,14.0,1019.0,56.0,10.0,51.0,12.0,11.0,18.0,11.0,1,17,5,1,1,0
2026-01-18,714.828,16.0,8.0,11.0,69.0,1.0,3.0,13.0,1020.0,77.0,10.0,70.0,11.0,10.0,17.0,10.0,1,18,6,1,1,0
2026-01-19,533.28,10.0,7.0,9.0,73.0,1.0,2.0,18.0,1024.0,32.0,10.0,100.0,9.0,6.0,23.0,6.0,1,19,0,1,0,0
2026-01-20,531.828,6.0,2.0,3.0,67.0,1.0,1.0,20.0,1031.0,82.0,9.0,89.0,3.0,-1.0,26.0,-1.0,1,20,1,1,0,0
2026-01-21,550.428,6.0,0.0,3.0,45.0,11.0,2.0,16.0,1032.0,233.0,10.0,21.0,3.0,-1.0,21.0,-1.0,1,21,2,1,0,0
2026-01-22,519.6,6.0,-1.0,2.0,45.0,11.0,2.0,10.0,1032.0,206.0,10.0,7.0,2.0,-1.0,14.0,-1.0,1,22,3,1,0,0
2026-01-23,572.148,10.0,1.0,5.0,48.0,11.0,2.0,6.0,1029.0,176.0,10.0,2.0,5.0,4.0,8.0,4.0,1,23,4,1,0,0
2026-01-24,753.108,12.0,3.0,7.0,43.0,11.0,3.0,7.0,1028.0,90.0,10.0,10.0,7.0,6.0,10.0,6.0,1,24,5,1,1,0
2026-01-25,683.268,12.0,6.0,9.0,69.0,3.0,2.0,16.0,1026.0,97.0,10.0,62.0,9.0,7.0,23.0,7.0,1,25,6,1,1,0
2026-01-26,585.708,10.0,7.0,9.0,87.0,1.0,2.0,13.0,1024.0,59.0,6.0,100.0,9.0,7.0,19.0,7.0,1,26,0,1,0,0
2026-01-27,528.96,9.0,5.0,6.0,63.0,4.0,2.0,14.0,1029.0,15.0,10.0,64.0,6.0,4.0,18.0,4.0,1,27,1,1,0,0
2026-01-28,545.868,10.0,4.0,7.0,55.0,11.0,3.0,10.0,1029.0,56.0,10.0,24.0,7.0,5.0,14.0,5.0,1,28,2,1,0,0
2026-01-29,562.668,10.0,5.0,8.0,58.0,4.0,2.0,14.0,1029.0,86.0,10.0,75.0,8.0,6.0,19.0,6.0,1,29,3,1,0,0
2026-01-30,577.32,8.0,5.0,7.0,70.0,1.0,2.0,17.0,1030.0,68.0,6.0,99.0,7.0,3.0,22.0,3.0,1,30,4,1,0,0
2026-01-31,732.108,6.0,4.0,5.0,83.0,1.0,1.0,11.0,1031.0,92.0,7.0,90.0,5.0,2.0,15.0,2.0,1,31,5,1,1,0
2026-02-01,711.828,9.0,3.0,5.0,58.0,7.0,2.0,5.0,1031.0,208.0,10.0,32.0,5.0,5.0,7.0,5.0,2,1,6,1,1,0
2026-02-02,583.188,12.0,4.0,7.0,57.0,9.0,2.0,9.0,1031.0,234.0,10.0,38.0,7.0,6.0,13.0,6.0,2,2,0,1,0,0
2026-02-03,551.388,11.0,4.0,7.0,53.0,11.0,3.0,11.0,1030.0,106.0,10.0,10.0,7.0,5.0,15.0,5.0,2,3,1,1,0,0
2026-02-04,0.12,16.0,6.0,10.0,59.0,8.0,3.0,8.0,1021.0,173.0,10.0,41.0,10.0,9.0,12.0,9.0,2,4,2,1,0,0
